,GEOID10,Total_POP_,Not Hisp_1,White; N_1,Hispanic_1,fullarea_race,new_area,area_acre,weight,TotPopNS,NotHisNS,WhiteNS,HispanNS,Norm_byArea,Norm_nonhis,Norm_white,Norm_hislat
0,482090109011,322,260,238,61,22804966.19497933,22804966.19497933,523.5299861106365,1.0,322,260,238,61,0.6150555050192529,0.49662866864908617,0.45460624284031736,0.11651672610613176
1,482090109081,3,1,1,2,1837.6839569394049,1837.6839569394049,0.04218741866252077,1.0,3,1,1,2,71.11124821356266,23.703749404520885,23.703749404520885,47.40749880904177
2,484530001011,1045,932,886,113,10234445.73269859,0.00029926540318123314,6.8701883191284e-09,2.924099760723668e-11,0,0,0,0,0.0,0.0,0.0,0.0
3,484530001012,1202,1081,1025,121,11906443.083402472,0.00016705391218763133,3.835030123682996e-09,1.4030547243828321e-11,0,0,0,0,0.0,0.0,0.0,0.0
4,484530001013,2015,1852,1743,162,11510984.412381751,8074.219178747706,0.1853585670052274,0.000701436027492375,1,1,1,0,5.394948915265397,5.394948915265397,5.394948915265397,0.0
5,484530001021,1577,1481,1309,95,32897132.583797395,3405483.567296934,78.17914525475055,0.10351916108865408,163,153,135,9,2.0849550026270633,1.9570436527726423,1.7268032230346844,0.11512021486897896
6,484530001022,1062,1031,985,31,27778574.22884509,6537265.752472631,150.07497136071237,0.23533481951296034,249,242,231,7,1.65917073141741,1.6125273775221414,1.5392306785438623,0.04664335389526855
7,484530002031,1593,1294,994,298,13016606.853700023,124373.97239474267,2.855233526050107,0.009555022579435812,15,12,9,2,5.253510741992024,4.202808593593619,3.152106445195214,0.7004680989322698
9,484530002042,1254,1101,1000,152,5936941.518594659,0.0002897998185875418,6.652888397326488e-09,4.8812981849304236e-11,0,0,0,0,0.0,0.0,0.0,0.0
10,484530002043,692,566,477,126,8170844.672217952,0.00022965239788690864,5.272093615401943e-09,2.810632279766128e-11,0,0,0,0,0.0,0.0,0.0,0.0
11,484530002051,1528,1354,1071,173,6175115.741419258,1494222.919411165,34.30263818666586,0.2419748846792854,369,327,259,41,10.757190102755358,9.53279448130353,7.550439665619614,1.1952433447505955
12,484530002052,1828,1373,1032,455,7015456.886213222,3793363.55903822,87.08364460601975,0.5407151124387835,988,742,558,246,11.345413992143635,8.52054370665038,6.4076325988017695,2.8248702854932533
13,484530002053,580,523,477,57,3042470.1761504035,644372.578108252,14.792758909739486,0.21179257011602592,122,110,101,12,8.247278330188681,7.436070625579958,6.827664847123416,0.8112077046087227
14,484530002061,1251,1165,1046,85,6393168.661752354,0.00016323163706039208,3.747282760798716e-09,2.5532196270206114e-11,0,0,0,0,0.0,0.0,0.0,0.0
15,484530002062,883,826,683,56,5914709.205244953,0.0002210836690910013,5.075382669674043e-09,3.737862021939341e-11,0,0,0,0,0.0,0.0,0.0,0.0
19,484530003023,871,810,704,60,3640340.138651186,4349.735811900151,0.09985619402892909,0.0011948707115901013,1,0,0,0,10.014401307046537,0.0,0.0,0.0
20,484530003024,907,737,546,169,5259707.727875492,2616255.7340115104,60.06096726380878,0.49741466054203587,451,366,271,84,7.509036576434912,6.093807953381769,4.51208184526355,1.3985788745466354
21,484530003025,1221,1123,1028,97,7637960.577282555,83868.31628087732,1.9253516134269357,0.01098045943446282,13,12,11,1,6.752013455278064,6.23262780487206,5.713242154466054,0.5193856504060049
22,484530003041,1059,827,675,231,6373949.632548806,5641130.965646015,129.5025474207074,0.8850291092416818,937,731,597,204,7.235378906918506,5.64467660721177,4.609947926820009,1.5752585880590986
23,484530003042,1969,1705,1652,264,6445532.623763712,2723104.163362122,62.51386968232604,0.4224793081214802,831,720,697,111,13.293050073893296,11.517444107344371,11.149525753915315,1.7756059665489239
24,484530003051,1343,1210,1104,133,4588189.951009652,1386303.9264779093,31.825159010053014,0.30214614941407275,405,365,333,40,12.725780878960181,11.468913631655473,10.463419833811706,1.2568672473047093
25,484530003052,773,702,650,71,6689234.109968541,257355.00719569714,5.908058016430146,0.03847301544016486,29,27,25,2,4.908550308638101,4.570029597697543,4.231508886756984,0.3385207109405587
26,484530003053,1549,1264,1170,284,4652388.255737583,2754624.500300133,63.23747705004897,0.5920882671180716,917,748,692,168,14.500894766472816,11.828428882575427,10.942878057141973,2.6566524763003634
27,484530003061,4869,3795,2820,1074,36291342.15092726,3498785.705322494,80.32106761530059,0.09640827530632119,469,365,271,103,5.83906581329677,4.544262306723499,3.373959137320735,1.2823534728562203
28,484530003071,1785,1476,1299,308,13066890.06784601,278887.1888898188,6.402368890950845,0.02134304241038063,38,31,27,6,5.935303111588818,4.841957801559299,4.217189052971002,0.937153122882445
29,484530004011,2086,1868,1668,218,9038659.423957244,4.947978725056146e-05,1.1358996154858003e-09,5.47423958904943e-12,0,0,0,0,0.0,0.0,0.0,0.0
30,484530004012,2000,1600,1173,399,14453490.345454656,217917.3355100105,5.002693652663235,0.015077142634861295,30,24,17,6,5.996769357250007,4.7974154858000055,3.3981693024416706,1.1993538714500014
33,484530004023,802,730,412,72,6669226.725044988,5.763988090647966e-05,1.3232295892212961e-09,8.642663277591727e-12,0,0,0,0,0.0,0.0,0.0,0.0
35,484530005002,767,700,551,67,2381864.177760799,4.1367494701570126e-05,9.496670041682766e-10,1.7367696734269665e-11,0,0,0,0,0.0,0.0,0.0,0.0
36,484530005003,1120,986,943,134,4239832.058949179,0.00019428219847691377,4.460105566503989e-09,4.582308822040127e-11,0,0,0,0,0.0,0.0,0.0,0.0
37,484530005004,1749,1576,1419,172,4260447.209627981,0.0001912008913856622,4.389368489110703e-09,4.4878127102144685e-11,0,0,0,0,0.0,0.0,0.0,0.0
38,484530006011,1271,1055,750,216,2121204.6136157564,0.00037465096129361657,8.600802600863557e-09,1.7662179258369385e-10,0,0,0,0,0.0,0.0,0.0,0.0
39,484530006012,8875,7003,4726,1871,9862182.485437348,1472915.2804561018,33.813482104134565,0.14934983028665624,1325,1045,705,279,39.18555314473172,30.90483248018464,20.849671673234614,8.2511466621737
40,484530006031,1034,835,522,198,2316898.6360280695,0.0002686439023054507,6.167215388095746e-09,1.1594978655000426e-10,0,0,0,0,0.0,0.0,0.0,0.0
41,484530006032,2467,1808,1062,659,2813006.993142315,0.0002955116804012588,6.784014701589964e-09,1.0505188260166843e-10,0,0,0,0,0.0,0.0,0.0,0.0
45,484530006041,1448,1233,1056,215,3337007.385340182,0.0002693932792273146,6.184418715043953e-09,8.072900300154776e-11,0,0,0,0,0.0,0.0,0.0,0.0
46,484530006042,2747,2277,1227,469,2034402.9250567334,330293.7729831277,7.582501675462068,0.16235415753441113,445,369,199,76,58.68775491868022,48.66467767414157,26.2446364692525,10.023077244538644
48,484530007001,1123,880,740,243,17393286.87308318,716.2768356841705,0.016443453528103086,4.118122358992641e-05,0,0,0,0,0.0,0.0,0.0,0.0
49,484530008011,1876,780,624,1095,13909445.55378341,38791.836886608224,0.8905380368826498,0.002788884484044494,5,2,1,3,5.614583311345827,2.2458333245383306,1.1229166622691653,3.3687499868074964
50,484530008021,985,771,582,213,5405478.4436253095,0.00022880198096570476,5.252570729240238e-09,4.23277945425037e-11,0,0,0,0,0.0,0.0,0.0,0.0
52,484530008023,1531,679,184,851,8937278.202172298,0.0012182258364283713,2.7966616997896495e-08,1.3630837139345946e-10,0,0,0,0,0.0,0.0,0.0,0.0
53,484530008031,921,783,534,138,4930153.269455004,2.38036198396685e-06,5.46455919184309e-11,4.828170350634927e-13,0,0,0,0,0.0,0.0,0.0,0.0
54,484530008032,689,567,461,121,3045591.9155377503,4.466200964744734e-05,1.0252986604097185e-09,1.4664476031603043e-11,0,0,0,0,0.0,0.0,0.0,0.0
55,484530008033,878,799,671,79,7567536.927066634,5.101098440718488e-05,1.171051065362371e-09,6.740764518073915e-12,0,0,0,0,0.0,0.0,0.0,0.0
56,484530008041,1138,624,432,514,4151723.0145273837,9.550582761538168e-05,2.1925121123824994e-09,2.300390158042701e-11,0,0,0,0,0.0,0.0,0.0,0.0
57,484530008042,1313,767,425,545,7123891.455028789,0.000321249453264727,7.3748726644794995e-09,4.509465862761784e-11,0,0,0,0,0.0,0.0,0.0,0.0
60,484530009021,1233,194,176,1038,7479729.700978581,277554.1034440254,6.371765460147507,0.03710750448745664,45,7,6,38,7.062406844924617,1.098596620321607,0.9416542459899488,5.96381022460301
62,484530009023,1542,547,346,995,5718133.523099591,0.00021004286496008936,4.821920683197644e-09,3.6732766751874095e-11,0,0,0,0,0.0,0.0,0.0,0.0
63,484530009024,1024,497,321,526,8716252.784106499,6.213899113282923e-05,1.426514947952921e-09,7.12909465477361e-12,0,0,0,0,0.0,0.0,0.0,0.0
64,484530010001,605,232,232,373,3281621.173515368,5.369077446668036e-05,1.2325705800431672e-09,1.6361051939814625e-11,0,0,0,0,0.0,0.0,0.0,0.0
66,484530010003,1075,332,274,742,5300935.364622183,6.56422549816806e-05,1.50693881959781e-09,1.2383145702882791e-11,0,0,0,0,0.0,0.0,0.0,0.0
67,484530010004,458,210,179,248,7679027.899241406,0.0017845378999396789,4.096735307483193e-08,2.3239112077141555e-10,0,0,0,0,0.0,0.0,0.0,0.0
68,484530010005,723,398,272,324,6371320.04277847,0.0009594723059389797,2.202645330438429e-08,1.5059238893931991e-10,0,0,0,0,0.0,0.0,0.0,0.0
69,484530011001,4108,3631,3179,476,22717591.049098503,0.0015254304965082541,3.50190655764062e-08,6.714754628743031e-11,0,0,0,0,0.0,0.0,0.0,0.0
70,484530011002,1891,1486,1213,404,6095411.155599929,0.0009546404910709492,2.1915530098047503e-08,1.566162588054309e-10,0,0,0,0,0.0,0.0,0.0,0.0
71,484530012001,1145,1129,908,16,5422749.264981197,9.690398462680605e-05,2.2246093807806715e-09,1.7869899545713564e-11,0,0,0,0,0.0,0.0,0.0,0.0
72,484530012002,2990,2752,2402,237,18629653.332909238,0.0027042024621345855,6.207994632999508e-08,1.4515581228543948e-10,0,0,0,0,0.0,0.0,0.0,0.0
74,484530013031,1504,1331,1142,172,8122231.341606798,0.000990459974915944,2.273783229834582e-08,1.2194431964061787e-10,0,0,0,0,0.0,0.0,0.0,0.0
79,484530013043,890,609,583,281,3907674.338993322,0.0001292795620658929,2.967850368822151e-09,3.3083504624696367e-11,0,0,0,0,0.0,0.0,0.0,0.0
81,484530013051,1344,1247,1180,97,12610842.216223454,0.0012511414234668674,2.8722254900524963e-08,9.921156747622399e-11,0,0,0,0,0.0,0.0,0.0,0.0
82,484530013052,1417,1027,800,390,6577018.71996856,7.776757774990983e-05,1.7852979281430173e-09,1.1824138118050177e-11,0,0,0,0,0.0,0.0,0.0,0.0
84,484530013054,1420,973,959,447,7550907.279780719,0.00029098939926773364,6.68019741202327e-09,3.85370113134516e-11,0,0,0,0,0.0,0.0,0.0,0.0
85,484530013071,927,720,626,206,6949844.889781086,3308066.683745242,75.94276133483109,0.475991440990195,441,342,297,98,5.80700506866789,4.503391685905711,3.910840148286538,1.2904455708150866
86,484530013072,557,310,310,247,4918306.759365033,0.0002973510428635009,6.826240653432068e-09,6.04580107365832e-11,0,0,0,0,0.0,0.0,0.0,0.0
87,484530013073,2289,1526,1087,762,7439808.001448249,323848.23034517874,7.434532377070219,0.04352911127305137,99,66,47,33,13.316237656767546,8.877491771178365,6.321850200687623,4.438745885589182
88,484530013081,466,372,372,94,3381690.8264529184,33812.6576338478,0.7762318097761203,0.00999874304574264,4,3,3,0,5.153099820984758,3.8648248657385684,3.8648248657385684,0.0
89,484530013082,475,263,215,212,1887519.7138996548,1627561.980528755,37.36368183032037,0.8622754870020289,409,226,185,182,10.946458699048748,6.048654440061166,4.951332174386352,4.871040301288196
90,484530013083,1342,881,830,460,5361339.127688486,2937960.182770341,67.44628518756522,0.547989991455181,735,482,454,252,10.897560895399895,7.146427689228231,6.7312825122606155,3.7363065927085355
91,484530013084,641,407,339,233,3426011.8848592937,0.00014322630431706784,3.288023515084202e-09,4.1805548004673704e-11,0,0,0,0,0.0,0.0,0.0,0.0
92,484530014011,1877,1597,1417,279,8310460.459134112,0.00018413359012764462,4.2271255768513455e-09,2.215684570465184e-11,0,0,0,0,0.0,0.0,0.0,0.0
93,484530014012,1481,1347,1135,133,6519764.102081893,0.0004007333001630653,9.199570710814172e-09,6.146438642390498e-11,0,0,0,0,0.0,0.0,0.0,0.0
94,484530014021,684,587,505,97,6417603.038100589,0.0007044059317683994,1.6170935072736442e-08,1.0976153052571503e-10,0,0,0,0,0.0,0.0,0.0,0.0
95,484530014022,624,549,549,75,4433706.897456161,0.00019042560658599121,4.371570399127438e-09,4.29495253047169e-11,0,0,0,0,0.0,0.0,0.0,0.0
97,484530014031,681,344,269,337,3957846.394370541,0.00014294823270609566,3.2816398692859424e-09,3.611768079464091e-11,0,0,0,0,0.0,0.0,0.0,0.0
99,484530015011,1060,970,875,89,6579487.937833582,0.00016547340501915642,3.798746671697805e-09,2.5149891083110882e-11,0,0,0,0,0.0,0.0,0.0,0.0
100,484530015012,1454,1427,1405,26,11173770.049554855,118799.75250157446,2.72726704549069,0.010632020524380422,15,15,14,0,5.5000114582843125,5.5000114582843125,5.133344027732025,0.0
101,484530015013,1440,1346,1327,94,5325905.463856268,201591.92406594794,4.62791377561864,0.037851202097752515,54,50,50,3,11.668324566565959,10.804004228301814,10.804004228301814,0.6482402536981089
102,484530015014,1456,1420,1398,35,14318674.994763609,0.00014071275366013547,3.230320331959033e-09,9.827218908983872e-12,0,0,0,0,0.0,0.0,0.0,0.0
103,484530015031,1393,1037,877,356,6904982.659609501,3201127.696486978,73.487779992814,0.4635967755881391,645,480,406,165,8.776969450745026,6.531698195903275,5.524728057368187,2.245271254841751
104,484530015032,304,230,202,73,3561894.8778781397,2.4464092938103477e-05,5.616182951814389e-10,6.868280445344588e-12,0,0,0,0,0.0,0.0,0.0,0.0
105,484530015033,1639,1097,888,541,12517824.889002467,220192.17565642408,5.0549167965202955,0.017590290454524083,28,19,15,9,5.539161400099532,3.758716664353254,2.9674078929104635,1.780444735746278
106,484530015034,651,377,334,274,14414893.496367443,3614714.179086435,82.98241917094663,0.250762461755083,163,94,83,68,1.9642714882078145,1.132770060684261,1.0002118620935496,0.819450682197125
108,484530015042,981,909,884,71,4954817.122023007,58204.025086678674,1.3361805575454242,0.011746957284856257,11,10,10,0,8.232420340112641,7.484018491011493,7.484018491011493,0.0
109,484530015043,1159,1089,883,69,7550806.443320484,13887.68391881057,0.31881735350804796,0.0018392318784830922,2,2,1,0,6.273184247950649,6.273184247950649,3.1365921239753245,0.0
111,484530015051,666,607,591,58,5770387.685089413,7.810066289073124e-05,1.7929445108065024e-09,1.3534734085985604e-11,0,0,0,0,0.0,0.0,0.0,0.0
112,484530015052,1270,1135,1027,135,7423767.098511405,0.00020969308577374352,4.813890857983093e-09,2.824618323705099e-11,0,0,0,0,0.0,0.0,0.0,0.0
115,484530016021,1266,1099,994,167,13565055.897743052,3336395.057449861,76.5930913096846,0.24595512783732568,311,270,244,41,4.060418435685681,3.525122114582423,3.1856659109559677,0.5352963211032569
117,484530016023,1175,1159,166,15,10149458.387826363,63942.45155815873,1.4679167024370692,0.006300085099600357,7,7,1,0,4.768662955042639,4.768662955042639,0.6812375650060912,0.0
118,484530016031,1172,1106,1106,66,5028988.804248967,0.0002351577434325236,5.3984789585060515e-09,4.676044282179352e-11,0,0,0,0,0.0,0.0,0.0,0.0
119,484530016032,965,885,829,79,4022935.9848595047,114.0777919058068,0.002618865746230643,2.8356849906422462e-05,0,0,0,0,0.0,0.0,0.0,0.0
120,484530016033,601,601,566,0,3963249.7658410105,9.224967197951628e-05,2.117761064727187e-09,2.327627008890788e-11,0,0,0,0,0.0,0.0,0.0,0.0
121,484530016034,953,928,875,24,6423082.605913551,0.0006050958991034097,1.3891090429371206e-08,9.42064638163481e-11,0,0,0,0,0.0,0.0,0.0,0.0
122,484530016035,1381,1266,1188,114,8098362.543664385,9.24051644889479e-05,2.1213306815644606e-09,1.1410351659452379e-11,0,0,0,0,0.0,0.0,0.0,0.0
123,484530016041,1457,1330,1315,126,13722716.445233393,0.00046233889476364866,1.0613840559312412e-08,3.36914995371957e-11,0,0,0,0,0.0,0.0,0.0,0.0
125,484530016043,976,969,969,7,11117553.160453858,0.00016060230775065583,3.6869216655338804e-09,1.4445832228797678e-11,0,0,0,0,0.0,0.0,0.0,0.0
126,484530016044,865,822,816,42,5223626.830023014,2789958.0475389417,64.04862368087561,0.5341036292071135,461,439,435,22,7.1976566162755935,6.8541675803578865,6.791715028372849,0.3434890359177073
127,484530016051,1765,1550,1550,214,7611593.232599614,59290.39835447909,1.3611202560716045,0.007789485925304686,13,12,12,1,9.550956237709615,8.816267296347338,8.816267296347338,0.7346889413622781
129,484530016053,564,543,532,20,5113552.010825877,0.0003591874662842486,8.245809602485046e-09,7.024226321035055e-11,0,0,0,0,0.0,0.0,0.0,0.0
130,484530016054,975,876,876,98,2789371.3472991814,2.874383279971495e-05,6.598676032992413e-10,1.0304770939712371e-11,0,0,0,0,0.0,0.0,0.0,0.0
131,484530016061,16,13,8,2,5417623.941893714,1841102.1253110988,42.26588901081494,0.3398357185839568,5,4,2,0,0.1182987065224301,0.09463896521794408,0.04731948260897204,0.0
132,484530017051,1255,1190,1076,65,26510068.027652502,0.0012966836761054063,2.976776115944459e-08,4.891287622320859e-11,0,0,0,0,0.0,0.0,0.0,0.0
133,484530017052,1106,1038,922,68,6363349.651719543,2212573.4502087366,50.79369720405732,0.3477057793941657,384,360,320,23,7.559993092397431,7.087493524122591,6.299994243664526,0.45281208626338776
134,484530017053,786,749,677,36,11241164.498920413,0.0008540426902580666,1.9606122365887663e-08,7.597457455053591e-11,0,0,0,0,0.0,0.0,0.0,0.0
135,484530017054,1752,1527,1438,225,13321078.558725862,2120553.4399338583,48.681208446599136,0.15918781880802044,278,243,228,35,5.7106224120330165,4.991659158719507,4.6835320501565745,0.7189632533135092
136,484530017061,972,830,760,141,8413330.50620731,0.00038657764108128347,8.874601494060686e-09,4.5948229514586234e-11,0,0,0,0,0.0,0.0,0.0,0.0
137,484530017062,1287,1120,858,166,10242354.710229788,1615.328458330742,0.037082838804654315,0.0001577106538516378,0,0,0,0,0.0,0.0,0.0,0.0
138,484530017063,1380,1171,1115,209,10023992.203043923,2969717.8861777773,68.17534173961839,0.29626099322742705,408,346,330,61,5.98456846110536,5.075148743976603,4.84045978471757,0.894751657175066
139,484530017071,1243,1103,931,139,10819739.827403497,41805.29101185649,0.9597174245146118,0.00386379817617933,4,4,3,0,4.167893483879431,4.167893483879431,3.125920112909573,0.0
140,484530017072,3069,2320,2125,749,11335749.146089792,5644134.130238889,129.57149059317928,0.49790570146709745,1528,1155,1058,372,11.79271761870458,8.913997938222376,8.165376466354349,2.8710019333495445
141,484530017073,748,626,601,122,7900890.176025982,829703.9387787353,19.047381514663346,0.10501398200627347,78,65,63,12,4.095051067253147,3.412542556044289,3.307541246627542,0.6300078565004842
142,484530017121,1502,1168,1078,334,13246183.680328282,0.0002331145704028868,5.351574159845886e-09,1.759862131076152e-11,0,0,0,0,0.0,0.0,0.0,0.0
143,484530017122,2409,1404,1221,1005,7944878.468326908,2.6316314304602063e-05,6.041394468457774e-10,3.312362097106307e-12,0,0,0,0,0.0,0.0,0.0,0.0
144,484530017123,1034,581,498,453,3738565.370681157,7.972650018928107e-05,1.8302685993866178e-09,2.1325426275682617e-11,0,0,0,0,0.0,0.0,0.0,0.0
145,484530017131,1951,1173,1006,777,7933210.858611774,446878.41504003655,10.258916782369985,0.05633008160307937,109,66,56,43,10.624903419366575,6.433427758515541,5.458665976922277,4.191475660851034
146,484530017132,672,391,345,280,10281750.611791726,396741.4770800489,9.107931062443729,0.03858695781096286,25,15,13,10,2.7448604769404463,1.6469162861642679,1.427327448009032,1.0979441907761784
147,484530017133,1822,1334,1102,487,9573398.028793776,102341.30883124298,2.3494331687613172,0.010690175894017197,19,14,11,5,8.08705701980759,5.958884119858224,4.681980379888604,2.128172899949366
148,484530017141,9001,7431,4407,1570,132333489.69065464,121275175.18072656,2784.0949306870193,0.9164360092386424,8248,6810,4038,1438,2.962542659407334,2.4460372830460653,1.450381578405288,0.516505376361269
149,484530017142,3498,3471,2226,27,28660155.56263429,5466106.370072131,125.48453558475967,0.1907214480440076,667,661,424,5,5.315396011881231,5.267581355102689,3.3789024123502878,0.03984554731545151
150,484530017143,2449,2208,1525,241,14940084.58090176,3620386.4704513084,83.11263706270222,0.2423270397732104,593,535,369,58,7.134895738570131,6.437047588760573,4.439758056547013,0.6978481498095574
151,484530017161,1738,1463,1135,275,129613439.7748291,107173673.34816815,2460.3689933004625,0.8268716078699522,1437,1209,938,227,0.5840587342438973,0.4913897075162643,0.3812436275022795,0.09226258362795038
152,484530017162,3859,3445,2468,413,31699132.709670458,12232903.404355029,280.8288201183432,0.3859065645863281,1489,1329,952,159,5.302162361300828,4.732420267406851,3.3899654586691663,0.5661812058071402
154,484530017182,1589,1401,1373,187,10898423.753511854,6992.867227303692,0.16053414204094793,0.0006416402394933804,1,0,0,0,6.229204499968156,0.0,0.0,0.0
155,484530017183,1090,1025,972,65,7923950.427151792,0.0002167633337563056,4.976201417729697e-09,2.7355463130303763e-11,0,0,0,0,0.0,0.0,0.0,0.0
156,484530017184,1713,1698,1602,15,10552765.12798314,0.00016493309844018474,3.786342939398181e-09,1.562937262792155e-11,0,0,0,0,0.0,0.0,0.0,0.0
157,484530017191,1860,1691,1385,168,23325308.704059187,7382732.130730422,169.48420869445414,0.316511657976284,588,535,438,53,3.4693497673287395,3.1566362678926456,2.5843115613775303,0.3127134994360939
158,484530017192,897,849,761,48,8151249.443798728,5521635.57387919,126.75931069511455,0.6773974483236942,607,575,515,32,4.788602877937506,4.5361559387381645,4.0628179277394,0.2524469391993413
159,484530017193,1391,1255,1206,136,24207856.859167136,16300486.912487393,374.20768853276843,0.673355225426106,936,845,812,91,2.5012847909939104,2.2581043252028357,2.1699180024434352,0.24318046579107463
160,484530017221,552,472,472,80,5859987.695525694,0.00038067682248078133,8.739137338860913e-09,6.496205150250425e-11,0,0,0,0,0.0,0.0,0.0,0.0
161,484530017222,1782,1486,1089,296,12836175.022009315,2724609.293779397,62.54842272220838,0.2122602168564775,378,315,231,62,6.0433178575706545,5.036098214642212,3.6931386907376225,0.9912320295486259
162,484530017223,1412,1246,994,166,10955944.17002044,240390.7683561832,5.51861268035315,0.021941583913322796,30,27,21,3,5.4361488543675485,4.892533968930794,3.805304198057284,0.5436148854367548
163,484530017281,978,642,536,336,5280705.868601467,3096342.127059327,71.08223432183946,0.5863500456387579,573,376,314,197,8.061085944564214,5.28964801946971,4.417418824769918,2.7714379250945025
164,484530017282,1336,795,639,540,6409724.967917142,6393797.646606921,146.7813968458889,0.9975151318676008,1332,793,637,538,9.074719471422629,5.402591997626234,4.339787014486647,3.6653146213403707
165,484530017283,1303,1190,730,113,5187836.500282231,3971759.898811634,91.1790610379163,0.7655908004416795,997,911,558,86,10.93452804460668,9.991329035743917,6.119826127272344,0.9431990088627628
166,484530017284,2500,1606,1467,893,14825603.295494247,9989886.409825526,229.3362353036163,0.6738266369815535,1684,1082,988,601,7.342930338812646,4.717963554985323,4.308085020633548,2.6206063738874112
167,484530017285,1284,1054,906,230,7150320.802180761,4.50268760232575e-05,1.0336748398360307e-09,6.297182639627141e-12,0,0,0,0,0.0,0.0,0.0,0.0
168,484530017291,1679,1168,1154,511,17304272.57540585,266194.463616226,6.110984013228328,0.015383164039762169,25,17,17,7,4.090994174732415,2.7818760388180417,2.7818760388180417,1.145478368925076
170,484530017293,2300,1533,1140,767,12034072.762920177,0.00045841019483959695,1.0523650019274494e-08,3.809268930565778e-11,0,0,0,0,0.0,0.0,0.0,0.0
172,484530017332,525,440,387,84,2936492.143508697,2936492.143508697,67.41258364345035,1.0,525,440,387,84,7.78786350597034,6.526971319289427,5.740767955829565,1.2460581609552543
173,484530017371,1335,1149,987,186,9042106.24510454,541514.3979034448,12.431460006966134,0.05988808173943151,79,68,59,11,6.35484488191502,5.469993062914194,4.74602339282261,0.8848518190008257
174,484530017372,5646,4660,3672,986,38384454.18121987,1998062.2180508177,45.869196924949904,0.05205394372986545,293,242,191,51,6.387729012988818,5.275871744516362,4.1640144760439055,1.1118572684724564
175,484530017373,3486,2856,2712,630,36553029.70291901,12628669.360234225,289.91435629555156,0.3454889912784915,1204,986,936,217,4.152950600254473,3.4010043952250086,3.2285396693008197,0.7484969105109806
176,484530017381,1239,847,750,392,7301690.007679912,285539.63714908354,6.555088088821936,0.039105965447554354,48,33,29,15,7.322556058682415,5.0342572903441605,4.4240442854539594,2.2882987683382545
178,484530017383,1086,958,782,127,6726927.083415804,0.0004915097043339022,1.1283510200502805e-08,7.306600744129412e-11,0,0,0,0,0.0,0.0,0.0,0.0
179,484530017384,2828,2363,2199,464,13391373.431118265,0.0011452681170553854,2.629173822441197e-08,8.552282728477002e-11,0,0,0,0,0.0,0.0,0.0,0.0
180,484530017385,856,760,665,95,11567307.330245135,0.0007023606039324361,1.6123980806529757e-08,6.071945560709431e-11,0,0,0,0,0.0,0.0,0.0,0.0
181,484530017401,2507,2164,1514,342,24878101.747106664,656677.7718829433,15.075247288405494,0.026395815024726123,66,57,39,9,4.378037635957135,3.781032503781162,2.587022239429216,0.597005132175973
182,484530017402,2476,1791,1547,685,20214462.49416865,0.0009185805596857249,2.108770798176595e-08,4.544175042748288e-11,0,0,0,0,0.0,0.0,0.0,0.0
183,484530017411,283,247,224,36,1427276.524516723,1427276.524516723,32.7657604342682,1.0,283,247,224,36,8.637064919269303,7.5383570143445855,6.836404741753794,1.098707904924717
184,484530017421,1055,722,691,333,1855045.627219612,1855045.627219612,42.58598776904527,1.0,1055,722,691,333,24.773406823895588,16.953933390381625,16.22599442209654,7.819473433513962
185,484530017422,866,659,560,207,4276213.266630403,4276213.266630402,98.16834863706157,0.9999999999999998,865,658,559,206,8.811394018636225,6.702771403771834,5.694299718401908,2.098436032183887
186,484530017451,1000,893,871,107,26935427.45061992,3276065.131055569,75.20810677354382,0.12162662489992042,121,108,105,13,1.6088691125324874,1.4360154062273442,1.3961260893876957,0.17285370630514327
187,484530017452,1328,1148,916,180,9770365.893147418,269111.6841201379,6.177954180903074,0.02754366490091053,36,31,25,4,5.827171737738209,5.017842329719014,4.046647040095979,0.6474635264153566
188,484530017461,2560,1960,1670,599,20728777.968163084,0.000484986160767302,1.1133750247183241e-08,2.339675602257801e-11,0,0,0,0,0.0,0.0,0.0,0.0
189,484530017462,1683,1204,956,479,6290270.3428877685,321330.87925770384,7.376741948064827,0.05108379477219507,85,61,48,24,11.522702108659017,8.269233277978824,6.506937661360386,3.253468830680193
190,484530017471,2939,1551,1045,1387,11751976.437072793,10673632.021242633,245.03287468417432,0.9082414416328802,2669,1408,949,1259,10.892415980672409,5.746167741021638,3.8729497061289306,5.138086069564093
191,484530017472,961,694,385,267,4716886.30362743,4677541.03853513,107.38156654121052,0.9916586361087307,952,688,381,264,8.865581222775743,6.4070586988127225,3.548095006173906,2.4585225239630213
192,484530017473,1841,1487,1411,353,9165071.906995295,5583306.651198982,128.175083819995,0.6091939820938547,1121,905,859,215,8.745849556644696,7.060654637612355,6.701770534485097,1.6773930907034877
193,484530017481,1929,1660,1458,268,26114563.37819849,37456.377168275074,0.859880100281797,0.0014343099145798929,2,2,2,0,2.3259056691096434,2.3259056691096434,2.3259056691096434,0.0
194,484530017482,3733,2263,1781,1469,20192245.937161297,8832514.02779049,202.76662139096626,0.4374210801154792,1632,989,779,642,8.048661997741949,4.8775286248571,3.8418552060300115,3.1662015946999578
195,484530017491,1139,1056,903,82,18108316.68738064,31931.078481611425,0.7330366960884166,0.0017633377542962685,2,1,1,0,2.7283763700675174,1.3641881850337587,1.3641881850337587,0.0
196,484530017492,1073,855,799,217,4479477.357681197,4.6704133637831546e-05,1.0721793764424139e-09,1.042624616859498e-11,0,0,0,0,0.0,0.0,0.0,0.0
197,484530017493,2376,1910,508,465,10942656.836324373,4.404546950809163e-05,1.0111448463749225e-09,4.025116584290736e-12,0,0,0,0,0.0,0.0,0.0,0.0
198,484530017494,1915,1672,1256,242,12285110.638566613,0.0005254723276356872,1.2063184748294012e-08,4.277310502895052e-11,0,0,0,0,0.0,0.0,0.0,0.0
199,484530017501,781,581,412,199,12696795.188361118,0.0003657824336187332,8.397209219897457e-09,2.8809036311307767e-11,0,0,0,0,0.0,0.0,0.0,0.0
200,484530017502,543,249,176,294,4952020.28341708,346566.50187900476,7.9560721276171895,0.06998487123317292,38,17,12,20,4.776226181773046,2.1367327655300468,1.5082819521388564,2.513803253564761
201,484530017503,2052,1440,1192,612,10344321.395019522,5485196.953050793,125.9227950654452,0.5302616521265232,1088,763,632,324,8.640214819203619,6.059268296923126,5.01894831409622,2.573005148365784
202,484530017511,718,678,622,39,6460824.771972514,708.7997015821488,0.016271802148350525,0.00010970730929849218,0,0,0,0,0.0,0.0,0.0,0.0
203,484530017512,1444,1331,1193,112,10008717.798274329,7353905.519141372,168.82244075163848,0.7347500116757523,1060,977,876,82,6.278786133411072,5.787145332398696,5.1888836347812255,0.485717417867649
204,484530017521,1533,1168,611,365,2526888.4938714397,242240.2466651667,5.56107086008188,0.09586503213445363,146,111,58,34,26.253936278353827,19.960184430803253,10.429645918798096,6.113930366191987
205,484530017522,1310,1256,915,54,4821573.46519315,3800603.4403625797,87.24984941144581,0.7882496176401886,1032,990,721,42,11.82810064385759,11.346724454863386,8.26362457773384,0.48137618899420426
207,484530017531,1113,908,540,204,25387460.256207306,24963028.5217054,573.0722801126125,0.9832818355905399,1094,892,530,200,1.9090087550300319,1.5565226777758578,0.9248397076470903,0.34899611609324166
208,484530017541,2102,1596,1377,506,6198998.100629121,1264.6325589403782,0.02903196875437048,0.0002040059600618419,0,0,0,0,0.0,0.0,0.0,0.0
209,484530017542,1322,1119,1013,203,20646550.313316558,14222744.773369193,326.5092923179337,0.6888678523789926,910,770,697,139,2.787056973294042,2.358278977402651,2.134701879544997,0.4257152959207383
210,484530017543,1612,1576,1459,35,7874859.987265268,260059.8321648233,5.970152253554254,0.03302405789885481,53,52,48,1,8.87749553932182,8.70999562348556,8.039995960140516,0.16749991583626075
211,484530017551,2389,2054,1432,334,13351693.498759616,693406.2091342089,15.918416187654014,0.05193395198883399,124,106,74,17,7.7897196893351595,6.658953927980056,4.6487036855709825,1.0679454412798202
212,484530017552,2535,2333,1204,201,43210897.696934335,9959955.33297585,228.64911232726928,0.230496376234333,584,537,277,46,2.554131936292458,2.3485767975839895,1.2114632643031007,0.20118162511892648
213,484530017561,2423,2269,1801,153,12378822.627165096,806408.0136172397,18.512580661552793,0.06514416095175257,157,147,117,9,8.48071929409928,7.940546090653467,6.320026480316025,0.48615588310123264
214,484530017562,1926,1653,1268,273,10096785.208034612,6849644.75227685,157.24620643427113,0.678398580453725,1306,1121,860,185,8.305446787016178,7.128947816420473,5.4691303497962585,1.176498970595707
215,484530017571,691,615,521,75,9492093.811414072,2498028.0073848795,57.34683212545637,0.2631693340810692,181,161,137,19,3.1562336277622167,2.8074785307719163,2.3889724143835562,0.3313173421407852
216,484530017572,1518,1250,1068,267,14151215.542259004,5639242.889607536,129.45920315903433,0.39849883374098655,604,498,425,106,4.665562472665735,3.8467717075952588,3.282887501461817,0.8187907650704768
217,484530017601,5742,5097,4272,644,121544639.8205953,112907240.12725389,2591.9935750058285,0.92893639977797,5333,4734,3968,598,2.057489667962625,1.8263934161138324,1.5308679922137065,0.23071044842333582
218,484530017602,1826,1646,1421,180,6626747.167703547,6626747.167703547,152.1291819950309,1.0,1826,1646,1421,180,12.002956803249253,10.819751860979338,9.340745683141943,1.1832049422699153
219,484530017611,1256,1114,972,142,91556934.9330284,34065318.71252126,782.0321100211493,0.37206705027248005,467,414,361,52,0.5971621804472587,0.529390027205921,0.46161787396458326,0.06649343336885964
220,484530017612,2792,2489,2137,302,63640184.30707779,58050299.090022825,1332.6514942613137,0.9121642201712907,2546,2270,1949,275,1.910476978387544,1.7033710687115966,1.4624978911537012,0.20635552594523746
221,484530017651,1210,1070,1042,140,70606213.14619,70606213.14619,1620.8956185994032,1.0,1210,1070,1042,140,0.7465008765003306,0.6601288742606229,0.6428544738126813,0.08637200223970767
222,484530017652,1590,1356,1127,233,32938.45283869711,32938.45283869711,0.7561628291711916,1.0,1590,1356,1127,233,2102.7217137117855,1793.264555844768,1490.4197304108063,308.1346913804063
223,484530017691,1669,1494,1439,174,25079950.69991003,24247824.601368364,556.6534573316887,0.9668210632270242,1613,1444,1391,168,2.8976735503124242,2.594073531711804,2.498861691558947,0.3018035687864149
224,484530017692,3307,2573,2205,734,31864760.517652884,31864760.51765288,731.5142451251809,0.9999999999999999,3306,2572,2204,733,4.519392509484567,3.5159944145173343,3.012928339656378,1.0020310675898934
225,484530017701,7642,6574,5423,1067,53544463.53894226,10248467.476233039,235.2724397665987,0.19140106742837099,1462,1258,1037,204,6.214072508664307,5.346992623734404,4.4076560817270085,0.8670798849299033
226,484530017702,2165,2066,1983,99,53615780.76231278,18405466.49768594,422.5313704702925,0.34328450012283285,743,709,680,33,1.7584493174388791,1.6779819193326586,1.6093479621244116,0.07810070992662586
227,484530017703,2525,1978,1484,547,11761466.578916507,5754814.556192052,132.11236354894518,0.4892939598628013,1235,967,726,267,9.348103136028259,7.319526908938727,5.495322167414184,2.0210069128093484
228,484530017721,619,395,351,224,4158183.7958199587,4158183.7958199587,95.4587648259862,1.0,619,395,351,224,6.484475271897643,4.13791233020932,3.6769803238062564,2.3465629416883234
229,484530017722,2360,1176,1014,1184,7686556.880417639,4824087.744112415,110.74581598054213,0.6276006044269726,1481,738,636,743,13.372965713307032,6.663908640392026,5.742880616923209,6.709057072915007
230,484530017741,236,184,184,51,1272493.032288423,9.7705389333555e-06,2.243007101321281e-10,7.678265173510916e-12,0,0,0,0,0.0,0.0,0.0,0.0
231,484530017742,5389,3730,2476,1659,27974634.033775758,6956104.693395714,159.6901903901679,0.2486575761812332,1340,927,615,412,8.391248058042915,5.804990261049092,3.8512071311167113,2.579995671577374
232,484530017743,1531,1164,981,367,10287156.813573044,5994663.366667263,137.618534588321,0.5827327681792316,892,678,571,213,6.481685062759704,4.926661964743363,4.149150415735192,1.5477566349414988
233,484530017751,4207,3432,2721,774,113559492.27106592,98981359.64008123,2272.29934894585,0.8716255916662011,3666,2991,2371,674,1.6133437707935385,1.316287839182617,1.0434364649622148,0.29661584874927577
234,484530017761,1808,1414,1062,393,14888615.896182036,0.0005383705180637532,1.23592864569273e-08,3.6159876903118327e-11,0,0,0,0,0.0,0.0,0.0,0.0
235,484530017762,1459,1070,855,389,6729057.233910251,2.6477876417629886e-05,6.078484026085833e-10,3.934856770752061e-12,0,0,0,0,0.0,0.0,0.0,0.0
236,484530017771,4445,3002,2351,1443,19292736.36814853,3007378.2528979224,69.03990479563642,0.15588137397984522,692,467,366,224,10.02318879274783,6.764203997417971,5.301281933736568,3.2445004184617248
237,484530017772,1825,1446,1322,379,9503685.938582398,347880.14222446707,7.986229160341301,0.03660475992921522,66,52,48,13,8.264225665818412,6.511208100341778,6.010345938777027,1.6278020250854446
238,484530017811,1301,1276,1007,25,13216383.332427891,6942454.700314877,159.37682966746732,0.5252915662094015,683,670,528,13,4.285440998073868,4.203873307041715,3.31290314345974,0.08156769103215268
239,484530017812,1189,1041,811,147,13428667.729088375,4621615.126337259,106.09768425934938,0.3441603604746429,409,358,279,50,3.854938049356706,3.3742489527376547,2.62965211679834,0.47126382021475627
240,484530017821,1809,1714,731,94,8675520.468826914,0.0006815742979988334,1.5646792883352467e-08,7.856292892719029e-11,0,0,0,0,0.0,0.0,0.0,0.0
241,484530017822,1810,1701,956,109,14836041.526743546,0.0008938862476550974,2.0520804583450352e-08,6.025099390856868e-11,0,0,0,0,0.0,0.0,0.0,0.0
242,484530017823,1776,1563,1187,213,13758026.546101753,0.0006926131115909838,1.5900209173346736e-08,5.034247530124378e-11,0,0,0,0,0.0,0.0,0.0,0.0
243,484530017831,407,378,352,29,7065278.976843042,0.00028439997289808616,6.52892499766038e-09,4.025318374974682e-11,0,0,0,0,0.0,0.0,0.0,0.0
244,484530017832,1161,1018,887,142,3561979.3170829727,2055088.832761689,47.17834785954291,0.5769513660300173,669,587,511,81,14.180233737555083,12.442148286913055,10.831239820464345,1.7168892866098082
245,484530017841,1262,1164,955,97,2641007.579372869,2641007.579372869,60.629191445658144,1.0,1262,1164,955,97,20.81505574968996,19.198672656607858,15.751488305034798,1.5998893880506548
246,484530017842,474,441,346,32,10062478.631041294,3071973.0391210313,70.522797041346,0.3052898944445395,144,134,105,9,2.041892920321579,1.9000948008548029,1.4888802544011515,0.1276183075200987
247,484530017851,936,732,488,203,8361546.220037033,2857516.9409942823,65.59956246543348,0.3417450392305105,319,250,166,69,4.862837311881331,3.8110010281201654,2.53050468267179,1.0518362837611657
248,484530017852,1386,1146,505,239,3943277.091220535,667694.488039313,15.328156291076974,0.16932477038600557,234,194,85,40,15.266023881568792,12.65644714967669,5.545350555270715,2.6095767318921013
250,484530017862,1119,1004,785,114,3721923.0534373717,2365671.899683678,54.30835398722861,0.6356047305972294,711,638,498,72,13.091908478154243,11.747732220903526,9.169859946724069,1.3257628838637208
251,484530017863,1820,1612,624,207,13322146.567599468,10620330.227226505,243.80923386654052,0.7971936184110151,1450,1285,497,165,5.947272697611281,5.270514080296893,2.038478986698487,0.676758617314387
254,484530018042,2319,1164,1030,1155,8091149.813821008,0.00021333119228597684,4.897410291229955e-09,2.6365992126554402e-11,0,0,0,0,0.0,0.0,0.0,0.0
256,484530018051,1787,731,411,1055,8291490.86163232,805796.4063778394,18.498540091318628,0.09718353669139844,173,71,39,102,9.35208936197019,3.838140720808575,2.108274480444147,5.5139486411616145
257,484530018052,3123,875,656,2248,8106053.767230803,0.00012456906126464976,2.859712150244485e-09,1.5367411177091804e-11,0,0,0,0,0.0,0.0,0.0,0.0
258,484530018061,1288,315,243,973,5615150.454792037,0.00017003097244352745,3.90337402303782e-09,3.028075094558169e-11,0,0,0,0,0.0,0.0,0.0,0.0
260,484530018063,2152,690,349,1461,5681570.971896522,0.0001258793865872576,2.889793080515556e-09,2.2155736012083782e-11,0,0,0,0,0.0,0.0,0.0,0.0
261,484530018064,883,172,101,710,4988769.832589561,181229.02570084852,4.160445952728387,0.03632739769170239,32,6,3,25,7.69148316396579,1.4421530932435855,0.7210765466217928,6.008971221848274
262,484530018111,2074,563,316,1510,8497308.487335222,422637.71845115244,9.702426961688532,0.04973783393660135,103,28,15,75,10.615900578969647,2.8858758855451465,1.5460049386849,7.7300246934245
263,484530018112,1550,763,491,786,6940231.252958173,4693777.450763232,107.75430327739284,0.6763142724909315,1048,516,332,531,9.725829671063108,4.788671860943286,3.081083445413122,4.927877438296289
264,484530018121,1321,885,523,435,7461440.153532986,4295377.54709744,98.60829997928008,0.5756767405101524,760,509,301,250,7.707261966383093,5.161837290643414,3.052481384054356,2.5352835415733854
265,484530018122,3667,934,558,2732,4796896.016075252,3.570231210229917e-05,8.196123072153161e-10,7.442794670273105e-12,0,0,0,0,0.0,0.0,0.0,0.0
266,484530018123,2929,630,252,2298,12859300.76531828,0.0005187839594693708,1.1909640942823021e-08,4.0343092438473684e-11,0,0,0,0,0.0,0.0,0.0,0.0
267,484530018131,3961,1029,555,2931,13855923.174586631,182902.80040555654,4.198870532726275,0.013200333034540886,52,13,7,38,12.38428277192844,3.09607069298211,1.6671149885288286,9.050052794870783
268,484530018132,3273,1334,466,1938,24164514.589710496,1973027.701608596,45.29448350800266,0.0816497966174223,267,108,38,158,5.89475758019906,2.3843963245749005,0.838954262350428,3.4882835118780955
270,484530018172,1097,828,674,268,10824279.401528167,2263476.773119067,51.96227670153964,0.20911108159306294,229,173,140,56,4.407043234755238,3.3293383389198956,2.694262239588355,1.077704895835342
271,484530018173,1588,1537,1393,51,11918430.142331244,242872.60997368168,5.575587924097376,0.02037790271648778,32,31,28,1,5.739305062646005,5.559951779438317,5.021891929815254,0.17935328320768765
272,484530018181,2101,385,298,1715,10549985.787364004,6073846.660716601,139.4363328906474,0.575720838220598,1209,221,171,987,8.670623896485827,1.5849527552716027,1.226366159056308,7.078499409289917
273,484530018182,2759,997,792,1762,10103159.994746737,54431.61866991862,1.2495780227254045,0.00538758355783943,14,5,4,9,11.203782193180032,4.001350783278583,3.201080626622866,7.202431409901449
274,484530018183,1305,949,816,356,7083520.546362488,918845.3351330695,21.093786389648063,0.12971591302927932,169,123,105,46,8.011838030318637,5.831101051652025,4.977769190434656,2.1807369786666113
275,484530018191,3126,1469,1015,1656,7395429.399870234,8.891532138477487e-05,2.0412149078231146e-09,1.2023009966985155e-11,0,0,0,0,0.0,0.0,0.0,0.0
276,484530018192,1066,151,69,915,2241596.214708553,0.00016004353441306882,3.674093994790377e-09,7.139712913633613e-11,0,0,0,0,0.0,0.0,0.0,0.0
277,484530018201,2171,464,270,1706,8260911.994080087,4689126.068313681,107.64752222942334,0.5676281349654844,1232,263,153,968,11.444759475042119,2.4431588814416214,1.4213053568842893,8.992311016104523
278,484530018202,2200,1006,463,1193,5009222.385957338,4978731.325953974,114.29594412199206,0.9939130153037643,2186,999,460,1185,19.125788030297958,8.74046763141247,4.0246397501999365,10.367821965188966
279,484530018203,3052,844,520,2208,7993490.254832915,256388.866169873,5.885878470382759,0.03207470804319286,97,27,16,70,16.480122803774453,4.587250677339281,2.7183707717566103,11.89287212643517
280,484530018211,2264,1018,703,1245,5929527.953799663,2740.6341579238906,0.06291630298264211,0.0004622010688334275,1,0,0,0,15.894131609670207,0.0,0.0,0.0
281,484530018212,1202,933,618,269,5929432.0358760785,0.00016820915976722972,3.861550958843658e-09,2.836851130925842e-11,0,0,0,0,0.0,0.0,0.0,0.0
282,484530018213,2520,604,390,1915,16813887.695253257,9100206.92583386,208.91200472529525,0.541231575396031,1363,326,211,1036,6.524278017399001,1.560465615313334,1.0099946160463604,4.959025697744215
284,484530018222,1053,914,693,138,6092068.1657134425,1151984.2499120906,26.44591941946948,0.18909575838227372,199,172,131,26,7.524790378567676,6.503838920169047,4.953505224082239,0.9831384414209023
285,484530018223,1771,0,0,1771,5489019.444223793,4905618.059147061,112.61749447077734,0.8937148262991385,1582,0,0,1582,14.047551026013164,0.0,0.0,14.047551026013164
286,484530018224,1582,255,235,1327,2499866.170526463,0.00020716851786519927,4.755934753562885e-09,8.28718434241503e-11,0,0,0,0,0.0,0.0,0.0,0.0
287,484530018231,3841,1346,289,2495,5496985.055417043,270585.71001538896,6.211793159214623,0.04922438523800212,189,66,14,122,30.425996995672,10.624951331821968,2.253777555234963,19.64006155276182
288,484530018232,1268,632,329,636,11229489.78433363,8929145.361896588,204.98497157705665,0.7951514746781929,1008,502,261,505,4.917433664745901,2.4489600195460737,1.2732640739074208,2.4635952387863886
289,484530018233,2383,312,200,2071,9751149.55995668,65513.453316276995,1.5039819402267447,0.006718536405728972,16,2,1,13,10.638425616725021,1.3298032020906276,0.6649016010453138,8.643720813589079
290,484530018241,643,470,388,172,6002499.989016731,1849008.9912633747,42.44740567638601,0.3080398158511718,198,144,119,52,4.664596029955954,3.3924334763316026,2.803469331135144,1.2250454220086342
291,484530018242,1059,876,623,182,9485913.66774596,0.00024116298326859464,5.536340295422283e-09,2.542327410047995e-11,0,0,0,0,0.0,0.0,0.0,0.0
292,484530018261,851,557,279,293,25687695.621309422,0.001414430869703046,3.247086477738857e-08,5.5062582901741264e-11,0,0,0,0,0.0,0.0,0.0,0.0
293,484530018262,1769,1473,807,295,8939276.49311714,6.167097801947595e-06,1.41577084525886e-10,6.898878009530184e-13,0,0,0,0,0.0,0.0,0.0,0.0
294,484530018281,2015,1787,1657,227,11684650.254844878,4430749.640793569,101.71601562886983,0.37919403184159667,764,677,628,86,7.5111082092283175,6.655785677549177,6.174052297637936,0.8454912382115646
296,484530018283,1279,1094,798,185,7853740.602942364,581479.0381354623,13.348921903936233,0.07403848274764946,94,80,59,13,7.041767168649175,5.992993335020574,4.419832584577674,0.9738614169408433
297,484530018291,1155,972,766,183,10657389.974572046,706198.9566702993,16.212097260567017,0.06626378112795456,76,64,50,12,4.687857393062661,3.9476693836317143,3.084116705962277,0.7401880094309464
298,484530018292,1272,1077,878,194,7682400.967248467,3150895.1149437935,72.33459859834237,0.41014457958868034,521,441,360,79,7.202638987367511,6.096667549767893,4.976871469198279,1.0921467946296224
299,484530018321,1825,1265,709,559,7518808.48691215,2.2903604524060484e-06,5.2579441056153545e-11,3.0461747448320253e-13,0,0,0,0,0.0,0.0,0.0,0.0
300,484530018322,1046,791,706,255,8647509.381554743,0.00016844455665469913,3.8669549277938274e-09,1.9478967783948717e-11,0,0,0,0,0.0,0.0,0.0,0.0
302,484530018332,1629,1375,929,253,15382328.515664568,5895509.788756126,135.34228165188534,0.38326510727894303,624,526,356,96,4.610532587332863,3.8864425335530224,2.6303679504655437,0.7093127057435173
303,484530018333,2519,1251,710,1267,11523876.704423558,3100718.5160428127,71.18270238849432,0.2690690464305792,677,336,191,340,9.510737542740825,4.720247879410513,2.6832361457363336,4.776441306546353
305,484530018341,2300,1435,398,865,47163943.26863811,41628497.60212416,955.6588062930249,0.8826339512159754,2030,1266,351,763,2.1241890794417686,1.3247405786075266,0.3672858950167787,0.7984021022729406
306,484530018342,6399,4185,2146,2213,70892107.66633445,1844027.0050627752,42.33303501062386,0.026011739046354728,166,108,55,57,3.9212874758056158,2.5511990806446176,1.2992217540319813,1.346466181451326
307,484530018351,2467,1196,659,1270,9879985.06095629,0.0003805677043086735,8.736632330318492e-09,3.851905665450856e-11,0,0,0,0,0.0,0.0,0.0,0.0
308,484530018352,1201,625,378,575,5701266.8566967305,0.000341217572437423,7.833277604164898e-09,5.984943013790479e-11,0,0,0,0,0.0,0.0,0.0,0.0
309,484530018353,2737,1414,683,1322,12219679.1538174,158032.84866437493,3.6279350014778453,0.012932651232091133,35,18,8,17,9.647361373823593,4.961500135109276,2.205111171159678,4.685861238714316
310,484530018391,4312,3295,1395,1017,62213181.3857988,39955934.186159946,917.2620336584009,0.6422422595363457,2769,2116,895,653,3.0187666101867765,2.3068653474738965,0.9757299083124468,0.7119012627128801
311,484530018392,3657,1964,849,1693,26055181.314751823,9218783.506384378,211.63414844775892,0.3538176685481334,1293,694,300,599,6.1096000313917775,3.279243945696747,1.417540610531735,2.8303560856950307
312,484530018401,3748,1394,583,2354,23242028.317978818,23242028.317978814,533.5635518360609,0.9999999999999999,3747,1393,582,2353,7.022593629392582,2.610748045301272,1.090779154605413,4.409971393104015
313,484530018402,1059,631,267,428,10089388.04313494,166472.20042222488,3.8216758590960715,0.016499732165172944,17,10,4,7,4.448310277162269,2.6166531042131,1.0466612416852399,1.8316571729491697
314,484530018403,978,786,513,191,4883022.748557141,4883022.748557141,112.09877751508589,1.0,978,786,513,191,8.724448398809558,7.011673253030995,4.5763210926271,1.7038544418943002
315,484530018411,2568,1493,695,1074,3528365.118219762,0.0002693677082410413,6.183831685974318e-09,7.634349031796088e-11,0,0,0,0,0.0,0.0,0.0,0.0
317,484530018421,3397,1382,481,2015,91783367.9856607,58070471.55726847,1333.1145903872468,0.632690571633205,2149,874,304,1274,1.6120144625945114,0.6556075571463951,0.22803741118135482,0.9556567823850198
318,484530018431,1409,838,606,571,6992667.136452352,977858.2069928988,22.448535514070223,0.1398405197775514,197,117,84,79,8.775628141823548,5.211921282199772,3.741892202604965,3.5191605238784787
321,484530018442,1693,771,570,922,4351890.778858017,0.00025029500788265394,5.745982733761569e-09,5.7514083096619906e-11,0,0,0,0,0.0,0.0,0.0,0.0
322,484530018443,560,503,377,56,2880818.741213343,0.00021042194923381885,4.830623260647816e-09,7.304241194473531e-11,0,0,0,0,0.0,0.0,0.0,0.0
323,484530018451,2032,1543,1355,488,19465497.1889017,207719.67432997673,4.768587564967326,0.010671172295995018,21,16,14,5,4.403819729405323,3.355291222404056,2.935879819603549,1.0485285070012673
324,484530018452,936,814,731,121,8958761.30812743,4949284.81171829,113.61994517259619,0.5524519117646628,517,449,403,66,4.550257432483733,3.951770961673493,3.5469124667136254,0.5808839275511148
325,484530018461,433,392,304,41,18202602.9071487,18202602.9071487,417.87426324951105,1.0,433,392,304,41,1.0361968613067167,0.9380812231691291,0.727491560825039,0.09811563813758749
326,484530018462,733,638,605,94,8273129.410685772,8092223.493836688,185.77188920653555,0.978133314750834,716,624,591,91,3.854189151319729,3.3589581430495965,3.1813209335613966,0.4898480625280661
327,484530018471,1430,1040,607,389,8610568.510619782,3647488.06529438,83.73480407011891,0.423605951313874,605,440,257,164,7.225191564231492,5.25468477398654,3.0692136066239564,1.9585643248495286
328,484530018472,5042,3959,2155,1083,21113398.450302895,8160305.851634966,187.33484507885598,0.38649892724957774,1948,1530,832,418,10.398492598534014,8.16719387872538,4.441245298757854,2.2312987198086334
329,484530018481,1234,1135,718,98,9662289.807155238,4810303.309731017,110.4293689102621,0.49784299640534807,614,565,357,48,5.560115085860475,5.116392546435128,3.2328356443846733,0.43466697739625865
331,484530018483,2930,1950,904,979,20253263.436665647,996059.44545547,22.866378453982325,0.04918019501253543,144,95,44,48,6.29745546675851,4.154571314875406,1.924222503731767,2.099151822252837
332,484530018491,2977,2405,1557,572,54921148.70653549,44030321.91779275,1010.7971055507978,0.8017006736888088,2386,1928,1248,458,2.3605132888660525,1.9074055410451587,1.2346691469006008,0.4531077478208935
333,484530018492,1180,1048,810,132,8156794.876797768,1197547.77072016,27.49191392837833,0.1468159723038541,173,153,118,19,6.292759407391494,5.5652727706988365,4.292171156486684,0.6911123048580254
334,484530018493,1256,780,482,475,5514158.945724679,3.438797059723397e-05,7.894391780815878e-10,6.236303838121345e-12,0,0,0,0,0.0,0.0,0.0,0.0
335,484530018494,1499,1112,623,386,11819088.54862764,2731090.2566108676,62.697205156356006,0.2310745236719616,346,256,143,89,5.518587298064335,4.083116613596734,2.2808034208763006,1.4195210101957394
336,484530018501,704,473,289,230,11016265.935733715,61546.96744097236,1.41292395410864,0.005586917363834786,3,2,1,1,2.123256521539113,1.4155043476927418,0.7077521738463709,0.7077521738463709
337,484530018502,1032,597,543,434,4475620.365307971,8.345102890044845e-05,1.9157720133252627e-09,1.8645689779076274e-11,0,0,0,0,0.0,0.0,0.0,0.0
339,484530018513,123,69,25,54,371204.74844666896,371204.74844666896,8.521688440006175,1.0,123,69,25,54,14.433759326679969,8.096986939357055,2.9336909200569043,6.336772387322913
340,484530018561,720,510,249,209,11441738.442673793,10533046.795921084,241.80548200002488,0.9205809806520661,662,469,229,192,2.737737765597605,1.9395755469263998,0.9470422180088391,0.7940266631340486
341,484530018562,2588,1657,832,930,100805958.3954473,66268326.37136635,1521.3114410322853,0.6573850140028948,1701,1089,546,611,1.1181142494043081,0.715829757555139,0.3589008701791606,0.4016271642481083
342,484530018571,1995,1270,691,725,3220189.7500473256,3220189.7500473256,73.92538452817551,1.0,1995,1270,691,725,26.986670583223503,17.179484531676113,9.347262843612752,9.807186051547388
343,484530018632,309,254,118,55,1345994.2726669565,1345994.2726669565,30.899776691160618,1.0,309,254,118,55,10.000072268755083,8.220124130303532,3.818797824314239,1.779948138451552
344,484530018641,284,234,153,50,12318402.586260114,12318402.586260114,282.7916112548236,1.0,284,234,153,50,1.0042730713963348,0.8274644320659942,0.5410344363508424,0.17680863933034063
345,484530018642,1,1,0,0,638.95671067425,638.95671067425,0.014668427701429062,1.0,1,1,0,0,68.17363253612899,68.17363253612899,0.0,0.0
346,484530019011,1715,1625,1518,89,9919540.94992908,0.00037748260387766895,8.665808169827111e-09,3.805444281979276e-11,0,0,0,0,0.0,0.0,0.0,0.0
347,484530019012,2051,1484,1451,566,23519849.346505657,0.0009527908167397603,2.1873067418268143e-08,4.051007311750984e-11,0,0,0,0,0.0,0.0,0.0,0.0
349,484530019081,332,286,258,46,7823571.374299024,7823571.374299025,179.6044851767453,1.0000000000000002,332,286,258,46,1.8485061755183074,1.5923878499946866,1.4364897388063955,0.2561183255236209
350,484530019082,4189,2969,2390,1220,72228879.4938404,71852982.55051209,1649.5175057509662,0.9947957528074298,4167,2953,2377,1213,2.526193256799002,1.7902204673212032,1.4410274469429394,0.7353665515951979
351,484530019101,1008,910,845,97,24595814.054399334,1320702.3136249655,30.31915320534815,0.053696222889957075,54,48,45,5,1.7810523807925698,1.5831576718156177,1.4842103173271415,0.1649122574807935
352,484530019102,530,490,421,39,10391413.521764396,6306070.003802598,144.76744728656104,0.6068539174766542,321,297,255,23,2.217349314480859,2.051566188164533,1.7614457171109628,0.15887549605314566
353,484530019103,1590,1338,1089,251,22821625.59611876,10164827.451804895,233.3523290129682,0.4454033043787035,708,595,485,111,3.034038713025461,2.549792421257273,2.078402225730718,0.47567556094043245
354,484530019104,999,899,784,99,7097204.37999837,6757082.741661376,155.12127506109678,0.9520766741203708,951,855,746,94,6.130687100305453,5.5118164781926,4.809140459335297,0.6059774841521689
355,484530019111,1738,1527,1336,211,21356052.744641174,0.0022480091663927837,5.16071893111291e-08,1.0526332713599763e-10,0,0,0,0,0.0,0.0,0.0,0.0
356,484530019112,1403,938,697,465,14676786.279885132,0.0006331344575301046,1.4534767160929857e-08,4.313849404469626e-11,0,0,0,0,0.0,0.0,0.0,0.0
357,484530019121,1441,1265,1049,175,32386369.179160118,22179569.956978142,509.17286402612814,0.6848427446214065,986,866,718,119,1.9364739750730384,1.7007976292223643,1.410130136006533,0.2337123763019184
358,484530019122,834,751,660,83,23764689.135728057,21964059.811332654,504.2254318487754,0.9242308908771577,770,694,609,76,1.527094730578632,1.3763684974306112,1.207793105094009,0.15072623314802083
359,484530019131,1278,1069,880,209,31938771.439681936,31938771.439681944,733.2133021047279,1.0000000000000002,1278,1069,880,209,1.7430125671907928,1.4579659110539573,1.2001964468919386,0.28504665613683544
360,484530019132,564,454,409,110,11410832.290505758,1556643.8428035742,35.73562540871382,0.1364180809228754,76,61,55,15,2.126729254931916,1.7069800598795644,1.5390803818586236,0.41974919505235186
361,484530019141,1821,1527,1261,293,62610742.11287164,22249203.291834354,510.77142543237727,0.3553576038393629,647,542,448,104,1.266711424689239,1.0611400188277704,0.8771046650089321,0.2036135829485021
362,484530019142,1133,1052,1029,81,12236835.243187468,1252955.7593051184,28.763906320135867,0.10239214097474002,116,107,105,8,4.032831935584334,3.719939802651067,3.6504082175547854,0.2781263403851265
363,484530019143,2142,1930,1762,211,27437525.35930359,582655.2639290724,13.375924332623335,0.021235707531893144,45,40,37,4,3.3642534811778826,2.9904475388247844,2.7661639734129255,0.2990447538824785
364,484530019151,1590,1316,1105,273,62653989.940386556,18250995.70341541,418.98520898566136,0.2912982193277826,463,383,321,79,1.1050509423015096,0.9141134144740349,0.766136830407742,0.18855080872963123
365,484530019171,768,680,650,88,11162286.687278502,2830685.939276623,64.98360742141008,0.25359373205337177,194,172,164,22,2.9853682751395394,2.6468213573402104,2.5237133872313633,0.3385469177993292
366,484530019172,1700,1550,1542,149,12066560.802275196,145270.03978979515,3.3349412256610456,0.012039059195922994,20,18,18,1,5.997107189208601,5.397396470287741,5.397396470287741,0.29985535946043007
367,484530019173,802,723,695,78,9342771.251284298,8710181.217115654,199.95824649025835,0.9322909640882319,747,674,647,72,3.735779909614244,3.3707036935475236,3.2356755040433947,0.36007517201101147
368,484530019174,1302,1210,765,92,43921672.78945098,0.002936514395785633,6.741309448543693e-08,6.685798170444271e-11,0,0,0,0,0.0,0.0,0.0,0.0
370,484530019182,69,61,59,8,1764457.8832831832,479360.16494255036,11.004595154787657,0.2716756061360839,18,16,16,2,1.635680345057394,1.4539380844954612,1.4539380844954612,0.18174226056193266
372,484530019192,126,123,105,2,834840.6492528056,13152.828610101074,0.3019473969261036,0.015754897203284296,1,1,1,0,3.3118351414194596,3.3118351414194596,3.3118351414194596,0.0
373,484530019193,415,305,275,109,4076149.8926528003,4076149.8926528003,93.57552554299357,1.0,415,305,275,109,4.434920323363046,3.2593992737969373,2.9388026239152714,1.164834494570053
374,484530020021,2048,1237,1237,811,11670589.66770552,204535.9786219016,4.6954999683632135,0.017525762146182466,35,21,21,14,7.4539453169670695,4.4723671901802415,4.4723671901802415,2.981578126786828
375,484530020022,1285,929,765,355,4964792.396406615,0.0002046850786724579,4.698922834537601e-09,4.1227318753671054e-11,0,0,0,0,0.0,0.0,0.0,0.0
376,484530020031,1676,995,903,681,12135827.644424167,0.0007655866215382796,1.757545044853718e-08,6.308482980887011e-11,0,0,0,0,0.0,0.0,0.0,0.0
377,484530020032,2384,1004,791,1379,9284525.651012948,0.00044440159440483403,1.0202056804518688e-08,4.786476025906068e-11,0,0,0,0,0.0,0.0,0.0,0.0
380,484530020051,2583,1518,1266,1064,9498542.183116391,0.00022646593407869495,5.198942471962694e-09,2.3842178064044077e-11,0,0,0,0,0.0,0.0,0.0,0.0
381,484530020052,1353,928,815,424,4718302.078349164,8510.962175317696,0.1953848065959067,0.0018038188386394086,2,1,1,0,10.236210454871161,5.1181052274355805,5.1181052274355805,0.0
382,484530020053,1507,747,651,759,3419564.496657068,335286.3914412721,7.697116424271628,0.09804944219330992,147,73,63,74,19.098061130588977,9.484071173693847,8.18488334168099,9.613989956895132
383,484530021041,2489,932,715,1557,7527212.960574308,3203324.6682677646,73.53821552497163,0.4255658349306698,1059,396,304,662,14.400675790676367,5.384955253170767,4.133905042838164,9.00212216565416
384,484530021042,1129,913,827,216,5786432.459823757,2126889.611071082,48.82666692082373,0.3675649246471741,414,335,303,79,8.478973194531862,6.86100487963327,6.2056253090414355,1.617968314898592
385,484530021051,1948,1171,825,776,5656613.644881505,2080625.0704125466,47.7645792105727,0.3678216687638266,716,430,303,285,14.990187537159613,9.002486928741108,6.343612882345479,5.966764592305153
386,484530021052,2520,903,463,1616,9218749.61073068,9218749.61073068,211.63337031062167,1.0,2520,903,463,1616,11.907384909578807,4.266812925932406,2.187745719498011,7.635846830904505
387,484530021053,491,302,250,188,5974647.184570719,5974647.184570719,137.15902627572817,1.0,491,302,250,188,3.5797862767919635,2.2018237384748938,1.8227017702606738,1.3706717312360266
388,484530021061,966,429,330,536,4816655.985172767,546846.0310100312,12.553857461203656,0.11353229973105845,109,48,37,60,8.682590218731793,3.8235259678818907,2.947301266908957,4.779407459852363
390,484530021063,783,491,445,292,7796613.16967278,0.0005064420248994967,1.1626309111558695e-08,6.495666950227208e-11,0,0,0,0,0.0,0.0,0.0,0.0
391,484530021071,1373,713,290,660,15098232.576691376,45487.29682140403,1.0442446469560154,0.0030127563998204156,4,2,0,1,3.8305199951563496,1.9152599975781748,0.0,0.9576299987890874
392,484530021072,892,556,283,335,6112141.593656819,268826.6985891706,6.171411813341841,0.043982406897798136,39,24,12,14,6.31946160450462,3.8888994489259203,1.9444497244629602,2.2685246785401203
394,484530021074,1274,621,239,652,6531659.866302795,0.00020863191234387832,4.789529668133111e-09,3.194163759509619e-11,0,0,0,0,0.0,0.0,0.0,0.0
395,484530021081,2355,1519,492,835,26423772.898274634,405090.5764384194,9.299600010064724,0.015330535045011312,36,23,7,12,3.871134238143372,2.473224652147154,0.7527205463056557,1.290378079381124
396,484530021082,1449,794,300,654,8958488.063622994,477462.2405294165,10.96102480554216,0.053297190010020624,77,42,15,34,7.0248905887948485,3.8317585029790084,1.36848517963536,3.1018997405068163
397,484530021091,626,449,318,176,9213143.407225354,7.560367742357127e-05,1.7356216121113698e-09,8.206067579961855e-12,0,0,0,0,0.0,0.0,0.0,0.0
398,484530021092,1615,1277,572,337,12352685.972243639,0.00029646568147501454,6.805915552686284e-09,2.4000098613465114e-11,0,0,0,0,0.0,0.0,0.0,0.0
399,484530021093,1651,1184,236,467,8532661.971677005,504399.0132576845,11.57940801785318,0.059113910164491155,97,69,13,27,8.376939464473917,5.9588538458628895,1.1226826086408344,2.3317254179463482
400,484530021101,3012,1952,830,1059,31576840.806740474,476305.0801204401,10.934460057861344,0.015084000424094572,45,29,12,15,4.115429546760948,2.652165707912611,1.0974478791362527,1.371809848920316
401,484530021102,1526,364,248,1161,6553989.569316951,0.0003425199457079229,7.863175980439e-09,5.226128941545141e-11,0,0,0,0,0.0,0.0,0.0,0.0
403,484530021112,1301,412,326,888,24707324.837322146,112334.80919135494,2.578852368947542,0.004546619673760283,5,1,1,4,1.9388469305982625,0.3877693861196525,0.3877693861196525,1.55107754447861
404,484530021113,2056,1098,475,958,38489050.0228939,128175.80430444365,2.9425115772369983,0.0033301888258661268,6,3,1,3,2.039074390196271,1.0195371950981356,0.3398457316993785,1.0195371950981356
405,484530021121,1246,786,285,460,4247341.113442562,7.343224388023373e-05,1.6857723572138138e-09,1.728899137576339e-11,0,0,0,0,0.0,0.0,0.0,0.0
407,484530021123,1861,1056,560,805,8872618.288926866,730111.6122802407,16.761056296607915,0.08228818016339425,153,86,46,66,9.12830297163097,5.130941539609564,2.74445710258186,3.937699321095712
408,484530021131,1926,983,501,942,6299244.085991013,785766.2216685982,18.038710322970577,0.12473976415933398,240,122,62,117,13.304720553906945,6.76323294823603,3.437052809759294,6.486051270029635
409,484530021132,722,518,281,204,7225188.671436985,0.00047426955758012555,1.0887730890269181e-08,6.564113120741527e-11,0,0,0,0,0.0,0.0,0.0,0.0
410,484530021133,959,830,696,129,8487036.703566948,1296544.2699120122,29.764560833609096,0.15276760490114272,146,126,106,19,4.905162243655278,4.233222210277843,3.561282176900407,0.6383430317085635
411,484530022011,775,401,27,373,32057902.246759914,4221672.445535344,96.91626367161028,0.13168897992887316,102,52,3,49,1.0524549351759513,0.5365456532269556,0.030954556916939744,0.5055910963100159
412,484530022012,1004,430,41,574,11751206.060933439,290139.1807844231,6.660679081368758,0.024690161952736305,24,10,1,14,3.603236202616752,1.50134841775698,0.150134841775698,2.101887784859772
413,484530022021,2236,1430,195,806,19192109.873471726,0.0008863408171832553,2.0347585334785476e-08,4.6182562679489396e-11,0,0,0,0,0.0,0.0,0.0,0.0
414,484530022022,1330,100,39,1230,8526885.896101076,2.69481729525756e-05,6.18644925449394e-10,3.160376869226979e-12,0,0,0,0,0.0,0.0,0.0,0.0
415,484530022023,3141,881,146,2260,40643367.1457593,1914060.35489804,43.94077949720018,0.047094039921290125,147,41,6,106,3.3454117492241244,0.9330740252938033,0.13654741833567854,2.412337723930321
417,484530022072,1284,568,227,715,27593411.027480334,11956087.655111317,274.4740049382763,0.43329502261261665,556,246,98,309,2.0256927431981517,0.8962597388970239,0.3570465626500339,1.1257896720291887
418,484530022081,1653,1054,338,599,76247282.00603108,9304514.463332513,213.6022604070825,0.12203076907838545,201,128,41,73,0.9410012778747512,0.5992445948655132,0.19194553429285968,0.341756683009238
419,484530022082,1690,92,28,1597,10246285.968897438,0.00018602746995810548,4.2706030752549464e-09,1.8155600041106716e-11,0,0,0,0,0.0,0.0,0.0,0.0
420,484530022083,867,609,349,257,19302046.293585505,2836759.6886986294,65.1230415220071,0.1469667850522847,127,89,51,37,1.950154615507059,1.3666437856703013,0.7831329558335434,0.568155281683159
421,484530022084,2814,885,567,1928,20267661.013170138,6541686.802808504,150.17646471093903,0.32276476296685874,908,285,183,622,6.046220369801129,1.897767406820839,1.2185664401691703,4.141794129973901
422,484530022085,887,48,48,838,6065719.729502453,458817.7666872685,10.53300658143408,0.07564110891172078,67,3,3,63,6.360956815321564,0.28481896188007005,0.28481896188007005,5.9811981994814705
423,484530022091,1844,686,311,1157,1073079.5634652982,1073079.5634652982,24.63451706761474,1.0,1844,686,311,1157,74.85431904099214,27.8471056736012,12.62456248467926,46.966619918887154
425,484530022111,444,156,74,287,10376098.52542781,3477175.616772548,79.82496824546712,0.33511397451087543,148,52,24,96,1.8540564844935497,0.6514252513085445,0.30065780829625127,1.202631233185005
426,484530022121,927,594,130,332,275485663.75916743,86682130.95647863,1989.947909928343,0.31465205765573734,291,186,40,104,0.14623498361345486,0.09346978334055878,0.020101028675388984,0.05226267455601136
427,484530023041,1254,494,295,759,7748236.675482318,0.0009390206722513493,2.1556948398791306e-08,1.2119153190334064e-10,0,0,0,0,0.0,0.0,0.0,0.0
428,484530023042,1726,1443,1224,282,5888198.958140739,0.00025427017635593074,5.837240044901992e-09,4.318301371328309e-11,0,0,0,0,0.0,0.0,0.0,0.0
429,484530023043,675,204,152,471,3228826.455070123,137735.45473596547,3.161970953534561,0.04265805445185321,28,8,6,20,8.85523631034644,2.5300675172418403,1.89755063793138,6.3251687931046
430,484530023071,953,586,416,366,7508737.884518813,0.00035345430418465273,8.114194310942441e-09,4.707239879998865e-11,0,0,0,0,0.0,0.0,0.0,0.0
431,484530023072,2681,1309,924,1371,7422141.1854862645,109530.29310194336,2.5144695386121065,0.014757236539251772,39,19,13,20,15.510229653259808,7.556265728511188,5.170076551086602,7.953963924748619
432,484530023073,846,241,217,605,3404604.799276217,0.00012659924814610764,2.9063188279639035e-09,3.718471176831487e-11,0,0,0,0,0.0,0.0,0.0,0.0
434,484530023081,1028,593,451,435,3794343.725386155,1.2420922985256766e-05,2.8514515576806167e-10,3.2735365808200927e-12,0,0,0,0,0.0,0.0,0.0,0.0
435,484530023082,1225,877,834,347,8115746.389157175,1269223.1564808704,29.137354372839084,0.15639019452068906,191,137,130,54,6.555159317348459,4.701868201448895,4.461626760498952,1.8532911158995644
436,484530023083,1995,1300,939,695,10071873.077831265,6840488.673227618,157.0360117820849,0.6791674815962389,1354,882,637,472,8.622226103646298,5.616546102966052,4.056394407697704,3.0056800006802455
437,484530023084,2601,946,783,1654,12784525.37860551,11370429.834647032,261.0291513922643,0.8893900632146329,2313,841,696,1471,8.861079261312524,3.221862368683023,2.6663688568411223,5.63538590289266
438,484530023101,879,107,55,772,17910054.41417744,17910054.41417744,411.1582739710156,1.0,879,107,55,772,2.13786285147691,0.2602404153674964,0.13376843780572248,1.8776224361094136
439,484530023102,618,114,55,503,45214010.59998003,33754734.439872935,774.9020762137956,0.7465547513249764,461,85,41,375,0.5949138789928988,0.10969127920693361,0.05290991114687386,0.4839321141482365
441,484530023122,3416,365,210,3051,8946888.198040523,0.00025621622023160213,5.881915065004641e-09,2.8637467526163635e-11,0,0,0,0,0.0,0.0,0.0,0.0
442,484530023123,4000,1118,705,2881,30708462.751468148,9267725.257988997,212.75769646439386,0.30179710827582584,1207,337,212,869,5.673120268069822,1.5839614998670506,0.9964386883436639,4.084458585710585
443,484530023131,1891,1082,787,809,19341456.345499434,4794646.260889845,110.06993252731509,0.24789479009451695,468,268,195,200,4.251842344718987,2.4348157016766843,1.7716009769662442,1.8170266430423019
444,484530023132,2496,1171,467,1324,6780839.717097356,0.0001810784549007849,4.156989322791205e-09,2.670442931193459e-11,0,0,0,0,0.0,0.0,0.0,0.0
445,484530023141,695,179,75,516,1534442.4697247825,1099889.1413853206,25.249980288919204,0.7168005077326859,498,128,53,369,19.722787673562827,5.069310887984019,2.099011539555883,14.613872794266431
446,484530023142,1341,930,836,411,21732933.22750705,18305787.087670784,420.2430460897793,0.8423063235891887,1129,783,704,346,2.6865405876550885,1.8632075111903756,1.6752210573154847,0.8233330764647127
447,484530023143,974,790,355,184,1066263.6845985213,1039856.8269609904,23.871827983493812,0.9752342145578429,949,770,346,179,39.75397278566964,32.2555943571819,14.494072269590829,7.49837842848774
448,484530023144,2101,751,280,1349,2390884.0499065164,896276.1682884742,20.575669611764788,0.3748722855562647,787,281,104,505,38.2490589540769,13.656906691354015,5.054513508543835,24.54355117129458
450,484530023152,1785,662,570,1123,1871671.0540576119,21094.30565719789,0.48425862390261454,0.011270306078339653,20,7,6,12,41.3002453912355,14.455085886932425,12.39007361737065,24.7801472347413
451,484530023161,1743,529,377,1214,3461099.2985460307,364642.7957356259,8.371046734059364,0.10535461836902751,183,55,39,127,21.861065385697348,6.570265553078438,4.658915574001075,15.171340458926576
452,484530023162,1798,872,599,925,1807531.5857270665,531549.4581086793,12.202696467141397,0.2940747825963259,528,256,176,272,43.26912510048603,20.978969745690197,14.42304170016201,22.290155354795832
453,484530023163,1402,644,413,758,2066851.466467249,1373258.2843433185,31.525672276017414,0.6644204030251629,931,427,274,503,29.531487603144356,13.54451687061508,8.691329326811552,15.955250552504417
454,484530023171,4796,2599,1163,2197,27223642.871960133,68447.12494764492,1.5713297738210494,0.0025142529700954985,12,6,2,5,7.636843773932472,3.818421886966236,1.272807295655412,3.1820182391385297
455,484530023172,1135,550,216,585,9202377.14909434,0.0010078462836274654,2.313696702542391e-08,1.0952021062586568e-10,0,0,0,0,0.0,0.0,0.0,0.0
456,484530023181,5959,3391,1508,2567,10161841.34013189,4391929.377829037,100.82482501903206,0.43219818444557945,2575,1465,651,1109,25.539345091984377,14.530151673692082,6.456743166944399,10.999275226023562
457,484530023182,2711,946,149,1765,7324694.470885009,8310.641296302401,0.190786071999596,0.0011346058636761494,3,1,0,2,15.724418289854789,5.24147276328493,0.0,10.48294552656986
458,484530023191,722,517,272,205,2012415.2364109834,2012415.2364109834,46.198696887304486,1.0,722,517,272,205,15.628146433680197,11.190791836859642,5.88761195285459,4.437354596820555
459,484530024021,992,906,873,85,6698807.133899051,0.00016430416319675786,3.771904572928326e-09,2.4527376279472666e-11,0,0,0,0,0.0,0.0,0.0,0.0
460,484530024022,2486,1153,802,1332,8487644.068140065,2251050.7503548837,51.67701447095693,0.26521502695955607,659,305,212,353,12.752284681042585,5.902043744640347,4.10240417660247,6.830889973305057
461,484530024023,1136,428,427,708,4412155.974534551,2366469.6427669036,54.326667648459676,0.5363522179236985,609,229,229,379,11.209964210224607,4.215241057703506,4.215241057703506,6.976315986330256
462,484530024024,3848,2222,1812,1626,18911523.99110836,4170528.827070357,95.74216774725338,0.22052843700122823,848,490,399,358,8.85712137037264,5.1179121125973985,4.167442720257881,3.739209257775242
463,484530024031,1338,714,651,623,20755421.37786863,7330180.566806402,168.2777907898623,0.35316944105131615,472,252,229,220,2.8048858841355497,1.4975238194960985,1.3608450581928833,1.307362064639451
464,484530024032,1425,962,867,463,7292312.327147182,0.0006935851854052715,1.592252491747639e-08,9.511183206227376e-11,0,0,0,0,0.0,0.0,0.0,0.0
465,484530024071,3024,1839,1564,1184,31158680.501447532,2068608.3161945397,47.488712492987595,0.06638947102071407,200,122,103,78,4.211527108247732,2.5690315360311167,2.1689364607475823,1.6424955722166155
466,484530024072,105,69,67,36,3462436.446687363,2673779.8470043074,61.38153918742671,0.7722249601324548,81,53,51,27,1.3196150026911007,0.8634517918843004,0.8308687053981004,0.4398716675637002
468,484530024092,1305,701,635,604,3592224.6341269813,220995.98512476138,5.073369722790665,0.061520647407527745,80,43,39,37,15.768612257967883,8.475629088657737,7.687198475759343,7.292983169310146
470,484530024101,2156,1201,1090,955,6853300.24615623,5.481586461542065e-05,1.2583990958544686e-09,7.998462440948054e-12,0,0,0,0,0.0,0.0,0.0,0.0
471,484530024102,2096,784,544,1311,6195293.0635660095,0.00023230865776611206,5.3330729514718105e-09,3.7497605905408977e-11,0,0,0,0,0.0,0.0,0.0,0.0
472,484530024111,2173,483,357,1690,29160270.489177417,8803063.34425159,202.0905267275388,0.30188551740350866,655,145,107,510,3.241121741857202,0.7175002329302204,0.5294656891278178,2.523621508926982
473,484530024112,2564,241,153,2322,8256063.374467387,0.0003337898241489914,7.662759966689425e-09,4.0429658665323015e-11,0,0,0,0,0.0,0.0,0.0,0.0
475,484530024121,1007,221,77,785,3293067.094895967,240836.3628675103,5.528842122761945,0.07313436256454978,73,16,5,57,13.203487887538502,2.8939151534330967,0.9043484854478426,10.309572734105407
476,484530024122,2402,376,229,2025,5139884.766204182,0.0005608619311921149,1.2875618255099056e-08,1.091195535899753e-10,0,0,0,0,0.0,0.0,0.0,0.0
477,484530024123,2672,307,230,2365,6521441.649355292,0.00021471434695755163,4.929163153295492e-09,3.292436833790857e-11,0,0,0,0,0.0,0.0,0.0,0.0
479,484530024132,2626,864,336,1762,7849621.560127422,0.0001266444013412445,2.9073554026915634e-09,1.613382255069997e-11,0,0,0,0,0.0,0.0,0.0,0.0
481,484530024191,2609,738,347,1871,7579670.517399976,0.00010892497540737622,2.5005733564595093e-09,1.437067418132844e-11,0,0,0,0,0.0,0.0,0.0,0.0
482,484530024192,2164,783,300,1381,6996212.037880421,33098.287086649936,0.7598321186099618,0.004730886786655687,10,3,1,6,13.160801912788337,3.948240573836501,1.3160801912788338,7.896481147673002
483,484530024211,6166,3586,2424,2579,46437141.47953426,5579157.702754723,128.07983706966766,0.12014429667712352,740,430,291,309,5.777646325373484,3.35728097285216,2.2720203793022757,2.412557722351901
484,484530024212,2277,1573,1318,703,21273481.1842643,946570.3651448874,21.730265499193926,0.04449532057992711,101,69,58,31,4.647895351474032,3.175294844076319,2.6690884196583555,1.4265817415415347
485,484530024213,1396,807,748,588,7936893.463055591,5051775.343581633,115.97280403079965,0.6364927747986643,888,513,476,374,7.656967574606268,4.423450862356999,4.104410546748404,3.2248940010166036
486,484530024221,2074,1432,1217,641,10185775.237044001,5734094.80884634,131.6367036006965,0.5629512408630787,1167,806,685,360,8.865308596149207,6.122912363750009,5.203715842641137,2.734799566935488
487,484530024222,1503,436,227,1067,15352872.470414083,5905002.5344903115,135.56020510767473,0.3846187445293778,578,167,87,410,4.263788178403077,1.2319249581199203,0.6417812656073836,3.0244864241267506
488,484530024223,2419,971,857,1447,17826568.284939677,482713.86850838515,11.081585594774682,0.027078339520691354,65,26,23,39,5.865586602575137,2.3462346410300547,2.075515259372741,3.519351961545082
490,484530024232,2255,1377,1305,877,11775811.03892269,4589337.7572803525,105.3566978255361,0.3897258322260076,878,536,508,341,8.333594523377254,5.087479116777003,4.821715282318503,3.236623841083877
491,484530024233,2132,1288,952,844,10156019.680641854,0.0007410577878947332,1.7012345911265684e-08,7.29673446091529e-11,0,0,0,0,0.0,0.0,0.0,0.0
492,484530024241,922,689,656,232,18366591.910610612,5024117.8688351745,115.33787577674873,0.27354655089454444,252,188,179,63,2.1848850458090485,1.629993605603576,1.5519619968246814,0.5462212614522621
493,484530024242,3022,1494,1277,1528,11441894.824407859,1781917.0053318888,40.90718561367972,0.15573618117260632,470,232,198,237,11.4894239960333,5.671375249105799,4.840225428116156,5.793603163957218
494,484530024251,1512,690,585,821,9170325.19115831,4517198.888964316,103.70061728568218,0.4925887353830847,744,339,288,404,7.174499240929043,3.2690258638104104,2.777225512617694,3.8958302329775987
495,484530024252,1659,786,451,873,10123129.041007226,1997845.3337026762,45.86421794542416,0.19735452601756973,327,155,89,172,7.12974110643534,3.3795408914295955,1.9405105763692514,3.7502002150057443
496,484530024261,4564,1793,1121,2771,55301615.597524084,22000458.01596026,505.06101965014375,0.3978266779053241,1815,713,445,1102,3.593625184650465,1.4117106097277035,0.881081656842676,2.1819145749227618
497,484530024262,909,69,69,839,22359077.146851867,0.0009114387863865866,2.0923755426689314e-08,4.076370327810762e-11,0,0,0,0,0.0,0.0,0.0,0.0
499,484530024272,1873,400,221,1472,9085835.374867743,0.0006390289120299965,1.4670085216482931e-08,7.033243347085171e-11,0,0,0,0,0.0,0.0,0.0,0.0
500,484530024273,2569,621,412,1947,16370128.215992019,1178395.833986799,27.052245959292907,0.07198452073427386,184,44,29,140,6.801653373877922,1.626482328536025,1.0719997165351074,5.175171045341898
502,484530024281,874,685,658,189,42504427.22727566,24298632.92958802,557.8198560511483,0.5716729883139152,499,391,376,108,0.8945540295615526,0.700943137391918,0.674052735701691,0.19361089216963465
503,484530024282,2454,985,790,1469,38302589.62549548,12460490.502772164,286.05350098191377,0.3253171815432042,798,320,257,477,2.789687933413739,1.1186718529979907,0.8984333319390112,1.6675202308751298
504,484530024291,697,305,205,391,10654456.616705155,3201211.3245637147,73.48969982928638,0.3004574930217019,209,91,61,117,2.843935959535807,1.2382687670706145,0.8300482944099724,1.5920598433765045
505,484530024301,82,23,10,59,4296951.409707542,0.00047199585052928525,1.083553375870719e-08,1.098443537115562e-10,0,0,0,0,0.0,0.0,0.0,0.0
506,484530024302,573,31,31,542,9359740.0064717,0.08920189238361827,2.0477936727185093e-06,9.530381433879628e-09,0,0,0,0,0.0,0.0,0.0,0.0
507,484530024303,2402,545,405,1856,9406244.797858205,0.0006229677177653548,1.4301370931252406e-08,6.622916276931302e-11,0,0,0,0,0.0,0.0,0.0,0.0
508,484530024311,1832,732,678,1099,65298428.82315538,53162774.341270335,1220.449365042937,0.8141508961149515,1491,595,551,894,1.2216811632718123,0.4875253468455589,0.45147305228891255,0.7325170757645877
509,484530024312,3133,874,520,2258,64185560.66751615,64128692.62018327,1472.1922089114616,0.999114005599679,3130,873,519,2255,2.126081078987859,0.5929932210723325,0.35253548881619773,1.5317293396541924
510,484530024313,2181,756,539,1424,79580611.42468677,10372729.305859085,238.125098848923,0.13034241783472086,284,98,70,185,1.1926504235497748,0.4115483855911195,0.2939631325650853,0.776902564636297
511,484530024321,335,114,79,221,32769838.612259813,30447870.101843357,698.9869169385528,0.9291431203586165,311,105,73,205,0.4449296438367239,0.1502174038677042,0.10443686173659436,0.2932815980274225
512,484530024331,531,203,157,328,74853554.5154346,67092090.1529619,1540.2224553021556,0.8963113453634015,475,181,140,293,0.30839701003243464,0.11751549224393826,0.09089596085166494,0.1902322609252702
513,484530024332,3998,1331,513,2666,58067195.145175554,49030982.9266439,1125.5964859192816,0.8443835250533465,3375,1123,433,2251,2.9984102138019884,0.9976932355850765,0.384684925207781,1.9998285603757855
514,484530024341,45,17,14,28,1584896.180126079,1584896.180126079,36.38420982842238,1.0,45,17,14,28,1.2368002551713297,0.46723565195361344,0.3847823016088581,0.7695646032177162
515,484530024351,346,151,68,194,58209421.24731147,51481701.890044466,1181.8572518375681,0.8844221568758899,306,133,60,171,0.25891451740404936,0.11253474122463585,0.050767552432166546,0.14468752443167465
516,484530024352,1244,254,126,990,39367869.665701166,29535710.77830769,678.0466202549975,0.7502491506173716,933,190,94,742,1.376011578155379,0.28021672009595067,0.1386335352053651,1.094320033216818
517,484530024361,2,0,0,2,28451.824659061855,28451.824659061855,0.6531640188030728,1.0,2,0,0,2,3.0620180267507884,0.0,0.0,3.0620180267507884
518,484530025001,911,897,733,13,6841855.348833242,0.0003873789393500017,8.892996771120334e-09,5.6618989966816873e-11,0,0,0,0,0.0,0.0,0.0,0.0
519,484530025002,1150,976,854,173,13597649.877840323,4860916.685178082,111.5912921298917,0.3574821185166542,411,348,305,61,3.6830830807263895,3.1185229004690598,2.733188174261676,0.5466376348523352
520,484530025003,1760,1422,1101,338,8434302.071947314,0.0008145329693583772,1.8699103979760724e-08,9.657384362216916e-11,0,0,0,0,0.0,0.0,0.0,0.0
522,484539800001,0,0,0,0,186417295.77554196,186417295.775542,4279.552244617585,1.0000000000000002,0,0,0,0,0.0,0.0,0.0,0.0
523,484910203111,3327,2673,1936,653,53871874.137459725,47998192.35991461,1101.886876949371,0.8909694182430371,2964,2381,1724,581,2.6899313005759558,2.160838875395193,1.5645889211177286,0.5272773568267983
524,484910203112,1989,1753,973,236,21768702.996153567,10185041.635844145,233.8163828247049,0.4678754465823617,930,820,455,110,3.9774800583466074,3.507025427789482,1.9459714263953833,0.4704546305571256
525,484910203162,839,665,579,173,1206878.79435109,34905.711907593606,0.8013248830944354,0.02892230112168105,24,19,16,5,29.95039902831973,23.710732564086452,19.96693268554649,6.239666464233277
526,484910203171,5,4,3,1,64220.74575782075,16323.73591415627,0.3747414121707133,0.25418166235119405,1,1,0,0,2.6685067823367503,2.6685067823367503,0.0,0.0
527,484910203181,1545,1350,1043,195,27978.305148844178,27978.305148844178,0.6422935066309499,1.0,1545,1350,1043,195,2405.442346917153,2101.8428274033377,1623.8681992456898,303.59951951381544
528,484910203182,3440,2923,2651,516,18854664.173292074,9395553.322055273,215.69222502422573,0.49831454093805716,1714,1456,1321,257,7.946508038514091,6.750359220581398,6.1244673972445245,1.1915125822042716
529,484910203183,49,41,31,8,89152.88352450714,89152.88352450714,2.0466685841255083,1.0,49,41,31,8,23.941345648267966,20.032554522020135,15.146565614210346,3.908791126247831
530,484910204031,1122,1053,928,68,7759897.537534242,7759897.537534242,178.14273502144724,1.0,1122,1053,928,68,6.298320275956908,5.910990419414104,5.209305896691632,0.3817163803610248
531,484910204032,1343,1026,679,317,9109779.330637205,9109779.330637205,209.13175690168057,1.0,1343,1026,679,317,6.4217889233885534,4.905998090392149,3.24675702083457,1.5157908329964047
532,484910204041,2063,1745,1463,317,8115069.780184888,8115069.780184888,186.2963677728395,1.0,2063,1745,1463,317,11.07375320658704,9.366795611000672,7.853078497933515,1.7015898044052797
533,484910204042,1642,1567,1217,74,8054654.1966365855,8054654.1966365855,184.90941681902171,1.0,1642,1567,1217,74,8.88002367995726,8.474419675087105,6.581600985693048,0.40019595147188625
534,484910204051,1046,621,231,424,3352095.910191437,3352095.910191437,76.95353329181445,1.0,1046,621,231,424,13.592618236689374,8.069804899602392,3.0018114843931603,5.50981848217619
535,484910204052,1813,1226,1158,586,6278042.954198724,6278042.954198724,144.12403476121955,1.0,1813,1226,1158,586,12.57944244347395,8.50656174059518,8.034745918115187,4.065942234901122
536,484910204053,1667,1195,922,472,6675846.902466092,6675846.902466092,153.25635680592498,1.0,1667,1195,922,472,10.877199711271961,7.797392714439109,6.016063667542141,3.079806996832853
537,484910204054,2181,1756,953,424,16015135.063334178,10665866.24660157,244.8545970294208,0.6659866560239331,1452,1169,634,282,5.930049987280954,4.774262007666278,2.5892917988540805,1.151703923149607
538,484910204061,2728,1885,1465,842,11088612.533920567,2798455.634412134,64.24370143278544,0.25237202813711196,688,475,369,212,10.709221054453339,7.393720931490314,5.743753734147212,3.299934394686203
539,484910204062,3887,2796,2061,1091,18633693.09984471,9795796.350768805,224.88054065125814,0.5257034286375813,2043,1469,1083,573,9.084823409279588,6.532357116119293,4.8158902360498255,2.5480194877715143
540,484910204081,1661,1239,947,421,16601658.896696024,5748651.897810625,131.97088837949093,0.34626972723519167,575,429,327,145,4.35702151482492,3.250716921495462,2.4778191919091284,1.0987271646080232
541,484910204082,1145,811,594,333,4553129.078743316,2463029.8184985644,56.543384263052445,0.5409532161074536,619,438,321,180,10.94734614964456,7.7462643191346,5.677056727037002,3.183396295534767
543,484910204091,467,317,262,150,4226278.81351439,3991260.7393977013,91.62673873732096,0.9443912518584504,441,299,247,141,4.813005527396054,3.2632395752639916,2.6957196491311235,1.5388521073987387
544,484910204092,2109,1461,1221,647,10854002.7577608,9864708.655550756,226.46254948463627,0.9088544452872299,1916,1327,1109,588,8.460560054456094,5.859688513707326,4.897056941749378,2.5964557995929973
545,484910204101,1058,856,714,201,4515244.461154305,4515244.461154305,103.65574979693079,1.0,1058,856,714,201,10.206862639773476,8.258104366395175,6.88818518411934,1.9391109551932597
546,484910204102,1866,1632,1384,233,12856216.873276096,12856216.873276096,295.13812840395076,1.0,1866,1632,1384,233,6.322463349926907,5.529614248167584,4.689329730063687,0.7894608577347102
547,484910204103,556,509,377,46,1202041.7740133028,1202041.7740133028,27.59508204805562,1.0,556,509,377,46,20.14851773340447,18.445315694789343,13.66185465016814,1.6669636973679958
548,484910204104,1522,1315,827,206,4953599.39040661,2933443.9526067213,67.34260680915338,0.5921843333330056,901,778,489,121,13.3793454499527,11.552864328594007,7.261376165401632,1.7967822413366001
549,484910204111,330,266,197,64,7152964.7614633,7152964.7614633,164.20947569934114,1.0,330,266,197,64,2.0096282421862948,1.619882158853195,1.199687162759697,0.38974608333309957
550,484910204112,542,448,402,94,6567975.795234659,6567975.795234659,150.77997693376167,1.0,542,448,402,94,3.5946417490042664,2.9712167962249287,2.6661365001839763,0.6234249527793377
551,484910205031,8,6,5,2,37906.28366510496,37906.28366510496,0.8702085322567713,1.0,8,6,5,2,9.193198760362707,6.89489907027203,5.7457492252266915,2.2982996900906767
552,484910205081,3212,2683,1661,529,36822115.60562336,21617792.535364315,496.2762290028539,0.5870871941986656,1885,1575,975,310,3.798287908706504,3.173635785789254,1.9646316769171572,0.62465212291725
553,484910205082,1250,1093,777,157,8239787.855235035,1131490.1389756983,25.975439370424663,0.13732029984932462,171,150,106,21,6.583141773328332,5.774685766077485,4.080777941361422,0.8084560072508479
554,484910205091,2256,2120,1250,136,19480943.854596026,14574926.83027188,334.59427985013497,0.7481632788974596,1687,1586,935,101,5.041927198383692,4.740069079215492,2.7944291229927396,0.3018581191681997
555,484910205093,2580,2247,1701,333,11001505.611043477,287487.8880356687,6.599813774923524,0.026131685807357495,67,58,44,8,10.151801593943667,8.788126752966159,6.666854778112259,1.2121554142022288
556,484910205101,3181,2563,1365,618,34622678.07289489,23885796.195131972,548.3424287220379,0.6898887528238747,2194,1768,941,426,4.0011494370649325,3.2242626274980863,1.7160809572826354,0.7768868095668466
557,484910205103,928,806,444,121,3727163.10620832,138761.3402323926,3.185522043902493,0.03722974720404868,34,30,16,4,10.673289819193203,9.417608663994002,5.022724620796801,1.2556811551992002
