,GEOID10,Total_POP_,Less tha_1,"$10,000 _1","$15,000 _1","$20,000 _1","$25,000 _1","$30,000 _1","$35,000 _1","$40,000 _1","$45,000 _1","$50,000 _1","$60,000 _1","$75,000 _1","$100,000_1","$125,000_1","$150,000_1","$200,000_1",fullarea_income,new_area,area_acre,weight,TotPopNS,"Lessthan25,000","25,000to49,999","50,000to74,999","75,000to99,999","100,000to149,999","150,000ormore",Norm_TotPopNS,"Norm_Lessthan25,000","Norm_25,000to49,999","Norm_50,000to74,999","Norm_75,000to99,999","Norm_100,000to149,999","Norm_150,000ormore"
2,484530001011,396,13,0,0,27,10,0,0,24,5,19,42,56,48,9,71,72,10234445.73269859,0.00029917168744384055,6.868036901832887e-09,2.9231840712975845e-11,1.1575808922338435e-08,0,0,0,0,0,0,1.685461084119856,0.0,0.0,0.0,0.0,0.0,0.0
3,484530001012,476,4,0,0,0,8,0,0,9,6,23,63,15,31,19,92,206,11906443.083402472,0.0001670514841556059,3.834974383737509e-09,1.4030343317936395e-11,6.678443419337724e-09,0,0,0,0,0,0,1.7414571131578234,0.0,0.0,0.0,0.0,0.0,0.0
4,484530001013,1153,81,15,20,42,59,63,28,17,14,123,115,93,99,153,100,116,11510984.412381751,0.0001654357973102094,3.79788331749792e-09,1.4371993861120944e-11,1.6570908921872448e-08,0,0,0,0,0,0,4.36319590060221,0.0,0.0,0.0,0.0,0.0,0.0
5,484530001021,681,19,0,8,7,14,16,18,0,0,7,75,34,72,49,127,223,32897132.583797395,0.00010886423393989542,2.4991789242400234e-09,3.309231698616602e-12,2.253586786757906e-09,0,0,0,0,0,0,0.901730870447061,0.0,0.0,0.0,0.0,0.0,0.0
7,484530002031,766,121,25,33,33,27,20,20,52,0,58,62,101,56,80,35,29,13016606.853700023,0.0002022607430066394,4.64326774579062e-09,1.553866881591695e-11,1.1902620312992384e-08,0,0,0,0,0,0,2.563414596063897,0.0,0.0,0.0,0.0,0.0,0.0
9,484530002042,634,31,0,27,30,7,18,24,11,8,104,81,30,53,16,66,114,5936941.518594659,0.0002898299467049949,6.653580043732666e-09,4.8818056535884644e-11,3.095064784375087e-08,0,0,0,0,0,0,4.651728489071805,0.0,0.0,0.0,0.0,0.0,0.0
10,484530002043,324,29,0,0,9,0,0,10,10,25,66,9,8,50,7,21,80,8170844.672217952,0.00022976277315156328,5.274627482818257e-09,2.811983122537989e-11,9.110825317023084e-09,0,0,0,0,0,0,1.7272926565337519,0.0,0.0,0.0,0.0,0.0,0.0
14,484530002061,640,19,16,0,10,0,0,8,0,40,56,95,76,63,64,95,87,6393168.661752354,0.00016323243075083878,3.747300981424215e-09,2.5532320416852118e-11,1.6340685066785354e-08,0,0,0,0,0,0,4.360654547843351,0.0,0.0,0.0,0.0,0.0,0.0
15,484530002062,342,0,0,9,0,0,0,7,0,0,11,37,40,10,37,83,100,5914709.205244953,0.00022108121746276755,5.07532638803415e-09,3.7378205722560394e-11,1.2783346357115656e-08,0,0,0,0,0,0,2.5187239952201557,0.0,0.0,0.0,0.0,0.0,0.0
21,484530003025,669,28,0,0,38,12,72,62,0,9,88,21,100,77,38,50,62,7637960.577282555,0.0005765163331412147,1.323499387376526e-08,7.548040177844548e-11,5.049638878978003e-08,0,0,0,0,0,0,3.815369260568775,0.0,0.0,0.0,0.0,0.0,0.0
27,484530003061,2211,173,58,76,157,130,29,46,91,42,129,197,227,129,161,177,389,36291342.15092726,0.0001489415739796265,3.4192280527921603e-09,4.104052513688061e-12,9.074060107764303e-09,0,0,0,0,0,0,2.653832961025918,0.0,0.0,0.0,0.0,0.0,0.0
28,484530003071,827,48,14,4,86,4,23,16,44,23,92,83,79,42,103,78,73,13066890.06784601,0.00029108586632213464,6.682411990866268e-09,2.2276598701814764e-11,1.842274712640081e-08,0,0,0,0,0,0,2.7569008243702426,0.0,0.0,0.0,0.0,0.0,0.0
29,484530004011,809,6,4,0,8,0,19,0,79,13,25,77,143,153,93,106,83,9038659.423957244,4.947978725056146e-05,1.1358996154858003e-09,5.47423958904943e-12,4.428659827540989e-09,0,0,0,0,0,0,3.8988126830617373,0.0,0.0,0.0,0.0,0.0,0.0
30,484530004012,925,287,58,43,47,0,93,48,3,5,67,93,86,58,13,4,6,14453490.345454656,2.567409297663404e-05,5.893960738437566e-10,1.776324774362066e-12,1.643100416284911e-09,0,0,0,0,0,0,2.787769530885069,0.0,0.0,0.0,0.0,0.0,0.0
33,484530004023,392,11,6,29,27,7,7,45,9,20,77,18,24,85,0,6,21,6669226.725044988,5.763988090647966e-05,1.3232295892212961e-09,8.642663277591727e-12,3.387924004815957e-09,0,0,0,0,0,0,2.560344805174518,0.0,0.0,0.0,0.0,0.0,0.0
35,484530005002,394,49,46,38,41,16,13,15,13,47,78,10,11,9,0,8,0,2381864.177760799,4.136749339522794e-05,9.496669741787864e-10,1.7367696185815977e-11,6.842872297211495e-09,0,0,0,0,0,0,7.205549401282266,0.0,0.0,0.0,0.0,0.0,0.0
36,484530005003,461,139,19,0,6,0,0,0,36,0,13,36,33,11,52,71,45,4239832.058949179,0.00019432790149517256,4.461154763433713e-09,4.583386766110159e-11,2.1129412991767832e-08,0,0,0,0,0,0,4.736310240782747,0.0,0.0,0.0,0.0,0.0,0.0
37,484530005004,768,153,43,16,52,0,46,59,26,12,89,42,99,0,13,0,106,4260447.209627981,0.0001912121339008293,4.389626581745393e-09,4.4880765913192895e-11,3.446842822133214e-08,0,0,0,0,0,0,7.852246103272614,0.0,0.0,0.0,0.0,0.0,0.0
38,484530006011,295,112,22,20,17,19,15,0,0,33,4,28,20,0,5,0,0,2121204.6136157564,0.0003746769176252388,8.601398476245151e-09,1.7663402918333898e-10,5.2107038609085e-08,0,0,0,0,0,0,6.0579728695271156,0.0,0.0,0.0,0.0,0.0,0.0
40,484530006031,342,174,41,14,0,14,22,11,0,0,0,0,48,0,0,11,0,2316898.6360280695,0.00026849636236962304,6.1638283372273425e-09,1.1588610662308239e-10,3.963304846509418e-08,0,0,0,0,0,0,6.429940338494599,0.0,0.0,0.0,0.0,0.0,0.0
41,484530006032,668,245,74,47,101,99,37,0,17,0,12,7,22,7,0,0,0,2813006.993142315,0.0002955149646079185,6.784090096600516e-09,1.0505305010913204e-10,7.01754374729002e-08,0,0,0,0,0,0,10.344119325311565,0.0,0.0,0.0,0.0,0.0,0.0
45,484530006041,459,188,58,45,9,0,0,24,0,12,8,45,0,25,22,9,14,3337007.385340182,0.00026936948616271446,6.183872501439726e-09,8.072187294103166e-11,3.7051339679933534e-08,0,0,0,0,0,0,5.99160795622925,0.0,0.0,0.0,0.0,0.0,0.0
48,484530007001,659,85,13,30,8,32,38,22,17,34,35,75,68,53,49,22,78,17393286.87308318,0.0004480064370190784,1.0284812603743765e-08,2.575743390470875e-11,1.6974148943203067e-08,0,0,0,0,0,0,1.650409161273811,0.0,0.0,0.0,0.0,0.0,0.0
49,484530008011,632,73,32,59,21,4,38,0,92,4,62,98,55,11,31,25,13,13909445.55378341,0.00016180932704852212,3.7146310158062927e-09,1.1633053698859298e-11,7.352089937679076e-09,0,0,0,0,0,0,1.979224829167384,0.0,0.0,0.0,0.0,0.0,0.0
50,484530008021,458,29,13,27,24,23,1,6,30,0,28,69,65,41,66,18,4,5405478.4436253095,0.00022883944831348724,5.253430861191167e-09,4.2334725908186356e-11,1.938930446594935e-08,0,0,0,0,0,0,3.690788929799107,0.0,0.0,0.0,0.0,0.0,0.0
52,484530008023,477,108,71,80,0,9,0,12,35,44,0,64,0,6,6,7,24,8937278.202172298,0.001218414933975937,2.7970958080255673e-08,1.363295296860949e-10,6.502918566026727e-08,0,0,0,0,0,0,2.3248823109198575,0.0,0.0,0.0,0.0,0.0,0.0
53,484530008031,359,23,7,7,17,0,8,0,10,26,0,18,57,76,57,24,29,4930153.269455004,2.3765467105363314e-06,5.455800529238594e-11,4.820431699883121e-13,1.7305349802580406e-10,0,0,0,0,0,0,3.1719176149930695,0.0,0.0,0.0,0.0,0.0,0.0
54,484530008032,283,7,0,7,6,0,13,8,0,38,24,26,62,7,43,15,15,3045591.9155377503,4.466200964744734e-05,1.0252986604097185e-09,1.4664476031603043e-11,4.150046716943661e-09,0,0,0,0,0,0,4.0476466781740115,0.0,0.0,0.0,0.0,0.0,0.0
55,484530008033,351,9,15,8,46,12,0,0,32,0,7,39,53,13,40,51,26,7567536.927066634,5.100783664602204e-05,1.1709788027094132e-09,6.740348562236081e-12,2.3658623453448644e-09,0,0,0,0,0,0,2.0204143233598484,0.0,0.0,0.0,0.0,0.0,0.0
56,484530008041,482,134,24,35,9,10,22,23,7,0,35,39,24,14,31,37,38,4151723.0145273837,9.562544167270731e-05,2.1952580732944747e-09,2.3032712283093613e-11,1.1101767320451122e-08,0,0,0,0,0,0,5.057158179033794,0.0,0.0,0.0,0.0,0.0,0.0
57,484530008042,524,116,72,0,29,9,5,26,13,9,38,10,70,28,38,27,20,7123891.455028789,0.00032130929732173373,7.376246494989296e-09,4.510305910050327e-11,2.3634002968663714e-08,0,0,0,0,0,0,3.204069032226398,0.0,0.0,0.0,0.0,0.0,0.0
60,484530009021,366,6,0,27,8,68,45,20,0,0,20,74,32,57,0,0,0,7479729.700978581,0.00025111393915722147,5.764782808935295e-09,3.357259542739465e-11,1.2287569926426443e-08,0,0,0,0,0,0,2.1314887886809823,0.0,0.0,0.0,0.0,0.0,0.0
62,484530009023,455,122,0,17,48,8,23,42,20,40,23,52,8,0,32,11,9,5718133.523099591,0.0002100805413386437,4.822785613834796e-09,3.673935568135644e-11,1.6716406835017182e-08,0,0,0,0,0,0,3.4661310233372116,0.0,0.0,0.0,0.0,0.0,0.0
63,484530009024,525,39,83,61,0,38,36,38,0,0,0,38,67,53,24,38,0,8716252.784106499,6.211571139250888e-05,1.4259805186526373e-09,7.126423812050598e-12,3.741372501326564e-09,0,0,0,0,0,0,2.6237192250435974,0.0,0.0,0.0,0.0,0.0,0.0
64,484530010001,261,0,0,0,10,56,14,0,0,0,44,30,29,33,0,26,19,3281621.173515368,5.369077446668036e-05,1.2325705800431672e-09,1.6361051939814625e-11,4.2702345562916175e-09,0,0,0,0,0,0,3.464494955041086,0.0,0.0,0.0,0.0,0.0,0.0
66,484530010003,320,0,0,0,38,31,25,52,0,7,9,35,11,58,15,25,3,5300935.364622183,6.566668719260168e-05,1.5074997059825914e-09,1.2387754740579069e-11,3.964081516985302e-09,0,0,0,0,0,0,2.6295736584581992,0.0,0.0,0.0,0.0,0.0,0.0
67,484530010004,168,0,0,6,0,9,18,8,0,9,34,32,5,6,20,0,21,7679027.899241406,0.0017845474222776955,4.096757167763305e-08,2.3239236081613755e-10,3.904191661711111e-08,0,0,0,0,0,0,0.9529956260118467,0.0,0.0,0.0,0.0,0.0,0.0
68,484530010005,442,73,46,21,66,24,7,0,0,0,8,18,55,42,26,30,14,6371320.04277847,0.0009596043743531758,2.2029485177988427e-08,1.506131175188465e-10,6.657099794333015e-08,0,0,0,0,0,0,3.0219043888436854,0.0,0.0,0.0,0.0,0.0,0.0
69,484530011001,2520,81,21,30,73,86,0,128,0,17,104,180,216,334,194,211,832,22717591.049098503,0.0015256915548369178,3.5025058650985255e-08,6.715903774918342e-11,1.6924077512794224e-07,0,0,0,0,0,0,4.831991198483874,0.0,0.0,0.0,0.0,0.0,0.0
70,484530011002,1162,182,40,15,23,0,0,0,24,44,18,82,3,57,148,219,295,6095411.155599929,0.0009544590734559561,2.1911365322680352e-08,1.56586495823023e-10,1.819535081463527e-07,0,0,0,0,0,0,8.304069849906318,0.0,0.0,0.0,0.0,0.0,0.0
71,484530012001,652,0,0,25,156,18,110,69,0,48,17,14,27,0,34,65,69,5422749.264981197,9.694438617335183e-05,2.2255368726664792e-09,1.7877349926428504e-11,1.1656032152031385e-08,0,0,0,0,0,0,5.237402397231891,0.0,0.0,0.0,0.0,0.0,0.0
72,484530012002,1902,44,0,72,110,13,33,58,39,45,159,161,289,224,171,68,402,18629653.332909238,0.0027043421670844125,6.208315351433454e-08,1.4516331134875165e-10,2.7610061818532563e-07,0,0,0,0,0,0,4.447271160630976,0.0,0.0,0.0,0.0,0.0,0.0
74,484530013031,900,67,0,0,0,11,0,11,52,26,69,129,113,63,113,126,109,8122231.341606798,0.000990474503288756,2.273816582389247e-08,1.2194610835756043e-10,1.097514975218044e-07,0,0,0,0,0,0,4.826752446605933,0.0,0.0,0.0,0.0,0.0,0.0
79,484530013043,374,0,0,0,7,7,0,0,15,3,42,78,29,76,0,68,49,3907674.338993322,0.00012931562224496916,2.9686781966246365e-09,3.309273266571208e-11,1.2376682016976319e-08,0,0,0,0,0,0,4.169088462012659,0.0,0.0,0.0,0.0,0.0,0.0
81,484530013051,803,0,17,0,48,40,65,95,11,11,123,87,77,27,93,60,49,12610842.216223454,0.0012512239791879643,2.8724150119099272e-08,9.921811388444016e-11,7.967214544920544e-08,0,0,0,0,0,0,2.773698964768667,0.0,0.0,0.0,0.0,0.0,0.0
82,484530013052,566,101,39,0,0,32,0,22,0,0,43,83,30,60,0,48,108,6577018.71996856,7.776758017818963e-05,1.7852979838886508e-09,1.182413848725694e-11,6.6924623837874285e-09,0,0,0,0,0,0,3.7486528546961257,0.0,0.0,0.0,0.0,0.0,0.0
84,484530013054,654,0,52,92,0,0,0,35,16,0,19,70,58,128,44,75,65,7550907.279780719,0.0002910881040058223,6.682463361015204e-09,3.855008321785082e-11,2.5211754424474434e-08,0,0,0,0,0,0,3.7728234428574927,0.0,0.0,0.0,0.0,0.0,0.0
86,484530013072,244,0,11,0,0,10,0,8,7,8,18,48,65,21,17,14,17,4918306.759365033,0.0002975237164253774,6.830204692960914e-09,6.049311907169217e-11,1.476032105349289e-08,0,0,0,0,0,0,2.1610364135506233,0.0,0.0,0.0,0.0,0.0,0.0
87,484530013073,1024,186,6,45,7,51,43,22,81,12,50,130,104,67,8,56,141,7439808.001448249,3.707462246893556e-05,8.51116218295123e-10,4.983276781029635e-12,5.1028754237743465e-09,0,0,0,0,0,0,5.995509560369972,0.0,0.0,0.0,0.0,0.0,0.0
91,484530013084,398,15,18,6,17,5,60,29,32,0,9,80,49,7,23,0,35,3426011.8848592937,0.00014325053098218632,3.2885796827866466e-09,4.181261939436314e-11,1.6641422518956532e-08,0,0,0,0,0,0,5.060367734454613,0.0,0.0,0.0,0.0,0.0,0.0
92,484530014011,1100,7,37,18,93,37,34,35,58,23,24,230,182,146,21,96,44,8310460.459134112,0.0001841749780809492,4.228075713520413e-09,2.2161825928492396e-11,2.4378008521341636e-08,0,0,0,0,0,0,5.765745500579939,0.0,0.0,0.0,0.0,0.0,0.0
93,484530014012,580,7,0,25,27,37,0,17,7,15,16,51,126,48,37,62,92,6519764.102081893,0.00040070855472092897,9.199002633630142e-09,6.146059097337197e-11,3.564714276455574e-08,0,0,0,0,0,0,3.875109529182572,0.0,0.0,0.0,0.0,0.0,0.0
94,484530014021,280,0,12,0,13,0,9,9,7,10,0,21,6,51,35,69,38,6417603.038100589,0.0007044710170501772,1.6172429225210677e-08,1.0977167220655621e-10,3.073606821783574e-08,0,0,0,0,0,0,1.9005226604994057,0.0,0.0,0.0,0.0,0.0,0.0
95,484530014022,350,0,0,8,17,0,7,0,10,8,54,41,17,62,20,73,33,4433706.897456161,0.00019043371169014328,4.37175646671587e-09,4.2951353369661087e-11,1.503297367938138e-08,0,0,0,0,0,0,3.4386576182443167,0.0,0.0,0.0,0.0,0.0,0.0
97,484530014031,395,67,35,28,0,6,39,54,22,6,15,66,24,13,14,6,0,3957846.394370541,0.00014294823270609566,3.2816398692859424e-09,3.611768079464091e-11,1.4266483913883158e-08,0,0,0,0,0,0,4.34736426973854,0.0,0.0,0.0,0.0,0.0,0.0
99,484530015011,661,88,23,87,23,36,0,18,38,0,41,19,129,15,61,44,26,6579487.937833582,0.00016547340501915642,3.798746671697805e-09,2.5149891083110882e-11,1.6624078005936294e-08,0,0,0,0,0,0,4.376200742679784,0.0,0.0,0.0,0.0,0.0,0.0
100,484530015012,486,14,0,0,0,15,0,31,14,7,25,47,62,83,67,42,68,11173770.049554855,0.0005411313169584632,1.2422665678568944e-08,4.8428714261935344e-11,2.3536355131300576e-08,0,0,0,0,0,0,1.8946300045653244,0.0,0.0,0.0,0.0,0.0,0.0
102,484530015014,656,0,0,57,0,10,35,13,16,0,0,55,99,122,15,88,136,14318674.994763609,0.00014070790787236442,3.230209087978981e-09,9.826880484669274e-12,6.446433597943044e-09,0,0,0,0,0,0,1.995670689533083,0.0,0.0,0.0,0.0,0.0,0.0
104,484530015032,181,6,0,0,17,15,38,0,8,0,9,9,63,8,0,0,0,3561894.8778781397,2.4464092938103477e-05,5.616182951814389e-10,6.868280445344588e-12,1.2431587606073703e-09,0,0,0,0,0,0,2.213529671795592,0.0,0.0,0.0,0.0,0.0,0.0
105,484530015033,786,68,43,42,27,52,50,34,27,49,49,145,82,49,9,16,29,12517824.889002467,0.00017929311343323207,4.116003522342334e-09,1.4323024568809076e-11,1.1257897311083933e-08,0,0,0,0,0,0,2.735152496827139,0.0,0.0,0.0,0.0,0.0,0.0
108,484530015042,433,44,24,21,0,31,17,0,0,35,0,18,51,77,40,29,35,4954817.122023007,1.8104528066942294e-05,4.1562277472319317e-10,3.6539245790670836e-12,1.5821493427360472e-09,0,0,0,0,0,0,3.8066954915783104,0.0,0.0,0.0,0.0,0.0,0.0
111,484530015051,409,0,17,37,17,34,0,0,17,42,17,16,0,110,33,0,59,5770387.685089413,7.805642186560491e-05,1.7919288766208657e-09,1.3527067179091176e-11,5.532570476248291e-09,0,0,0,0,0,0,3.0874944583076025,0.0,0.0,0.0,0.0,0.0,0.0
112,484530015052,612,67,17,34,31,33,32,34,28,56,0,34,51,93,12,62,28,7423767.098511405,0.00020968556061458105,4.813718104099657e-09,2.8245169579286324e-11,1.728604378252323e-08,0,0,0,0,0,0,3.590996275374201,0.0,0.0,0.0,0.0,0.0,0.0
115,484530016021,640,51,0,8,0,0,0,0,42,0,30,24,183,22,61,49,170,13565055.897743052,8.573287544777486e-06,1.9681560020150336e-10,6.320126956648889e-13,4.0448812522552887e-10,0,0,0,0,0,0,2.055162928199831,0.0,0.0,0.0,0.0,0.0,0.0
117,484530016023,522,31,72,42,66,21,37,47,51,9,48,26,38,4,8,8,0,10149458.387826363,0.0002857661577863736,6.560288287106832e-09,2.815580367609883e-11,1.469732951892359e-08,0,0,0,0,0,0,2.2403481182082765,0.0,0.0,0.0,0.0,0.0,0.0
118,484530016031,403,0,0,0,0,0,8,0,27,30,0,16,46,39,59,67,111,5028988.804248967,0.00023517012366625067,5.3987631695649836e-09,4.67629045957622e-11,1.8845450552092166e-08,0,0,0,0,0,0,3.490697769135644,0.0,0.0,0.0,0.0,0.0,0.0
120,484530016033,233,0,6,0,10,0,23,5,0,0,4,6,12,28,11,54,74,3963249.7658410105,9.225429135995e-05,2.1178671111099635e-09,2.3277435642609174e-11,5.423642504727937e-09,0,0,0,0,0,0,2.5608984040011054,0.0,0.0,0.0,0.0,0.0,0.0
121,484530016034,320,5,5,0,6,12,0,0,7,28,0,20,7,20,29,47,123,6423082.605913551,0.000605160868629552,1.3892581924461707e-08,9.421657882344491e-11,3.014930522350237e-08,0,0,0,0,0,0,2.1701729302323733,0.0,0.0,0.0,0.0,0.0,0.0
122,484530016035,493,15,0,0,6,0,0,5,14,0,8,40,20,77,84,71,143,8098362.543664385,9.240544097534114e-05,2.1213370288186672e-09,1.1410385800476785e-11,5.625320199635055e-09,0,0,0,0,0,0,2.651780515408101,0.0,0.0,0.0,0.0,0.0,0.0
123,484530016041,604,0,8,27,19,0,37,0,0,19,31,0,106,9,29,63,246,13722716.445233393,0.0004623021293498242,1.0612996541547847e-08,3.368882037276268e-11,2.0348047505148658e-08,0,0,0,0,0,0,1.9172763719925803,0.0,0.0,0.0,0.0,0.0,0.0
125,484530016043,371,12,0,10,0,0,0,0,11,0,19,6,47,26,46,51,143,11117553.160453858,0.00016056811802582505,3.6861367774523656e-09,1.4442756936569492e-11,5.358262823467282e-09,0,0,0,0,0,0,1.453625610488222,0.0,0.0,0.0,0.0,0.0,0.0
127,484530016051,713,6,8,8,74,0,36,12,0,16,107,58,70,7,7,72,219,7611593.232599614,0.00013448157333626615,3.087272115157625e-09,1.7667992656293877e-11,1.2597278763937534e-08,0,0,0,0,0,0,4.080391456939766,0.0,0.0,0.0,0.0,0.0,0.0
129,484530016053,282,0,0,5,0,16,7,23,10,0,36,36,0,20,23,43,53,5113552.010825877,0.0003592722516993817,8.247756007791132e-09,7.025884374281676e-11,1.9812993935474325e-08,0,0,0,0,0,0,2.402228426345087,0.0,0.0,0.0,0.0,0.0,0.0
130,484530016054,563,50,0,0,20,36,56,15,7,0,0,38,67,32,47,77,107,2789371.3472991814,2.8744398505419454e-05,6.598805901152309e-10,1.0304973747310955e-11,5.801700219736068e-09,0,0,0,0,0,0,8.792045571037258,0.0,0.0,0.0,0.0,0.0,0.0
132,484530017051,572,0,15,0,0,41,20,0,0,0,86,39,69,47,46,41,168,26510068.027652502,0.001296660706416113,2.9767233847936476e-08,4.8912009771667635e-11,2.7977669589393888e-08,0,0,0,0,0,0,0.9398814055856035,0.0,0.0,0.0,0.0,0.0,0.0
134,484530017053,325,27,0,0,0,0,0,0,0,13,27,0,0,69,32,29,122,11241164.498920413,0.0008541634766904994,1.960889524082873e-08,7.598531956120135e-11,2.469522885739044e-08,0,0,0,0,0,0,1.259389096330689,0.0,0.0,0.0,0.0,0.0,0.0
135,484530017054,818,15,14,12,27,26,42,40,58,0,49,68,175,53,14,55,170,13321078.558725862,0.0006578342978750288,1.510179747187853e-08,4.9382960619515296e-11,4.0395261786763515e-08,0,0,0,0,0,0,2.6748644896069247,0.0,0.0,0.0,0.0,0.0,0.0
136,484530017061,421,9,7,0,0,6,7,12,11,6,5,30,67,51,44,13,140,8413330.50620731,0.0003866023296560236,8.875168265748935e-09,4.595116397374268e-11,1.934544003294567e-08,0,0,0,0,0,0,2.179726564464544,0.0,0.0,0.0,0.0,0.0,0.0
137,484530017062,732,0,53,9,63,8,74,10,25,29,51,36,121,51,66,90,32,10242354.710229788,0.0003596034580023487,8.25535945827247e-09,3.5109451700904915e-11,2.5700118645062398e-08,0,0,0,0,0,0,3.113143500893715,0.0,0.0,0.0,0.0,0.0,0.0
139,484530017071,701,7,0,36,31,17,82,13,30,18,65,132,44,85,14,85,28,10819739.827403497,0.00015328365008211373,3.5189084040889284e-09,1.4167036594899204e-11,9.931092653024341e-09,0,0,0,0,0,0,2.822208342076916,0.0,0.0,0.0,0.0,0.0,0.0
142,484530017121,729,17,55,36,21,0,38,29,49,18,52,129,86,24,97,10,68,13246183.680328282,0.0002331611001518295,5.352642335900585e-09,1.7602134001666737e-11,1.2831955687215051e-08,0,0,0,0,0,0,2.397312370593143,0.0,0.0,0.0,0.0,0.0,0.0
143,484530017122,899,27,37,16,43,115,27,66,55,36,129,121,51,66,69,0,41,7944878.468326908,2.6316314304602063e-05,6.041394468457774e-10,3.312362097106307e-12,2.97781352529857e-09,0,0,0,0,0,0,4.929016869939194,0.0,0.0,0.0,0.0,0.0,0.0
144,484530017123,370,17,0,33,15,3,8,9,8,7,42,77,65,64,9,6,7,3738565.370681157,7.972650018928107e-05,1.8302685993866178e-09,2.1325426275682617e-11,7.890407722002568e-09,0,0,0,0,0,0,4.311065449435618,0.0,0.0,0.0,0.0,0.0,0.0
146,484530017132,237,5,0,0,6,9,0,0,0,20,76,0,40,18,27,20,7,10281750.611791726,0.0004426238022006146,1.0161244311308875e-08,4.304945907684117e-11,1.0202721801211357e-08,0,0,0,0,0,0,1.00408193018805,0.0,0.0,0.0,0.0,0.0,0.0
147,484530017133,892,45,41,19,29,43,12,94,46,9,36,100,148,107,60,65,23,9573398.028793776,0.00012162634811829776,2.7921567520270377e-09,1.2704616245191507e-11,1.1332517690710824e-08,0,0,0,0,0,0,4.058696805787745,0.0,0.0,0.0,0.0,0.0,0.0
148,484530017141,3535,139,165,53,39,330,50,203,471,91,176,344,142,436,141,351,396,132333489.69065464,4422874.557422407,101.53522859096435,0.03342218638502926,118.14742887107843,13,38,17,4,19,24,1.1636102120480418,0.12803437959814545,0.3742543403638098,0.16742957332065173,0.03939519372250629,0.1871271701819049,0.23637116233503774
149,484530017142,1143,23,0,24,54,0,0,0,22,21,65,209,81,110,105,137,286,28660155.56263429,4.7644039067588906e-05,1.0937566360787169e-09,1.662378941505289e-12,1.900099130140545e-09,0,0,0,0,0,0,1.7372229502101018,0.0,0.0,0.0,0.0,0.0,0.0
150,484530017143,831,0,0,0,0,0,0,0,0,0,19,61,108,48,70,241,281,14940084.58090176,0.00013292913951531288,3.051633138551719e-09,8.897482393455732e-12,7.393807868961713e-09,0,0,0,0,0,0,2.4229019457007066,0.0,0.0,0.0,0.0,0.0,0.0
151,484530017161,852,12,0,0,2,0,21,57,0,21,109,128,179,43,30,58,186,129613439.7748291,0.00031690712342679044,7.27518648821833e-09,2.445017460977328e-12,2.0831548767526833e-09,0,0,0,0,0,0,0.28633697295955385,0.0,0.0,0.0,0.0,0.0,0.0
152,484530017162,1806,91,48,0,14,10,89,29,10,67,91,224,189,169,148,180,433,31699132.709670458,9.586681020274518e-05,2.2007991322944255e-09,3.0242723383248616e-12,5.4618358430147e-09,0,0,0,0,0,0,2.481751179772825,0.0,0.0,0.0,0.0,0.0,0.0
155,484530017183,463,15,27,12,23,37,0,24,0,45,45,13,26,35,50,32,79,7923950.427151792,0.00021666855536750518,4.9740256053146275e-09,2.734350212806482e-11,1.2660041485294013e-08,0,0,0,0,0,0,2.5452304611715433,0.0,0.0,0.0,0.0,0.0,0.0
156,484530017184,795,0,10,0,0,63,0,36,29,0,70,141,37,109,80,48,172,10552765.12798314,0.0001649306378022691,3.7862864509244515e-09,1.5629139453214654e-11,1.242516586530565e-08,0,0,0,0,0,0,3.2816233072571537,0.0,0.0,0.0,0.0,0.0,0.0
157,484530017191,726,0,23,8,9,13,0,8,7,8,59,39,34,74,67,141,223,23325308.704059187,0.0002100924421771823,4.823058819494543e-09,9.00705944957637e-12,6.539125160392445e-09,0,0,0,0,0,0,1.3558045640997898,0.0,0.0,0.0,0.0,0.0,0.0
160,484530017221,298,19,21,0,31,0,0,59,16,38,0,16,34,0,16,15,33,5859987.695525694,0.0003806685349376851,8.738947083050622e-09,6.496063724303361e-11,1.9358269898424018e-08,0,0,0,0,0,0,2.215171886779107,0.0,0.0,0.0,0.0,0.0,0.0
162,484530017223,809,34,0,0,17,0,94,30,79,14,17,96,112,69,145,91,11,10955944.17002044,0.000466657028613599,1.071297127212119e-08,4.2593958254236736e-11,3.445851222767752e-08,0,0,0,0,0,0,3.216522414967203,0.0,0.0,0.0,0.0,0.0,0.0
167,484530017285,552,28,0,0,22,0,20,0,41,14,6,123,157,56,28,42,15,7150320.802180761,4.50268760232575e-05,1.0336748398360307e-09,6.297182639627141e-12,3.476044817074182e-09,0,0,0,0,0,0,3.3628029658007135,0.0,0.0,0.0,0.0,0.0,0.0
168,484530017291,789,19,0,0,17,20,0,16,91,11,199,79,114,127,69,14,13,17304272.57540585,0.0011344119112611391,2.6042514032624865e-08,6.555675231754333e-11,5.172427757854169e-08,0,0,0,0,0,0,1.9861476320505727,0.0,0.0,0.0,0.0,0.0,0.0
170,484530017293,963,73,11,0,0,17,59,21,119,105,78,105,197,68,40,39,31,12034072.762920177,0.0004583178005863756,1.0521528939081166e-08,3.8085011584653296e-11,3.667586615602113e-08,0,0,0,0,0,0,3.485792451683737,0.0,0.0,0.0,0.0,0.0,0.0
174,484530017372,2117,0,46,35,15,0,13,0,66,127,198,221,273,293,192,357,276,38384454.18121987,0.0015916004484723611,3.6538118651798924e-08,4.146471488061628e-11,8.778080140226466e-08,0,0,0,0,0,0,2.4024444782939813,0.0,0.0,0.0,0.0,0.0,0.0
175,484530017373,1450,38,24,16,0,15,12,47,63,77,55,71,157,192,190,141,341,36553029.70291901,0.0005413881525450702,1.2428561812329434e-08,1.4811033639212585e-11,2.147599877685825e-08,0,0,0,0,0,0,1.7279552615294183,0.0,0.0,0.0,0.0,0.0,0.0
178,484530017383,448,0,0,0,0,0,12,11,12,0,10,30,109,46,40,86,83,6726927.083415804,0.0004916348659082764,1.1286383514882378e-08,7.308461349615725e-11,3.274190684627845e-08,0,0,0,0,0,0,2.9010095929404254,0.0,0.0,0.0,0.0,0.0,0.0
179,484530017384,1024,16,0,0,38,15,0,25,0,29,23,84,174,181,154,165,109,13391373.431118265,0.0011453125750038192,2.6292758838471514e-08,8.552614717937698e-11,8.757877471168203e-08,0,0,0,0,0,0,3.330908530737251,0.0,0.0,0.0,0.0,0.0,0.0
180,484530017385,414,0,13,16,0,16,0,84,28,0,30,58,32,28,10,18,70,11567307.330245135,0.00070233062718578,1.6123292635118918e-08,6.071686410106786e-11,2.5136781737842094e-08,0,0,0,0,0,0,1.5590352607686635,0.0,0.0,0.0,0.0,0.0,0.0
181,484530017401,1017,57,5,10,0,5,54,40,35,21,79,131,146,172,113,104,31,24878101.747106664,0.0012090902790393245,2.7756893458203043e-08,4.860058421378321e-11,4.942679414541752e-08,0,0,0,0,0,0,1.7807033852633942,0.0,0.0,0.0,0.0,0.0,0.0
182,484530017402,951,17,55,4,12,37,21,10,11,7,75,61,174,109,105,110,136,20214462.49416865,0.0009185626316100992,2.108729640978189e-08,4.5440863533971323e-11,4.3214261220806725e-08,0,0,0,0,0,0,2.0493030676403197,0.0,0.0,0.0,0.0,0.0,0.0
186,484530017451,381,7,0,0,0,30,0,9,9,0,24,22,50,113,8,22,87,26935427.45061992,0.0005470898585437714,1.255945497116096e-08,2.031116304156443e-11,7.738553118836048e-09,0,0,0,0,0,0,0.61615357804979,0.0,0.0,0.0,0.0,0.0,0.0
188,484530017461,1228,104,40,12,30,78,42,7,22,19,36,157,187,133,117,167,62,20728777.968163084,0.00048497043742289775,1.1133389288863584e-08,2.339599749525776e-11,2.8730284924176527e-08,0,0,0,0,0,0,2.580551544435316,0.0,0.0,0.0,0.0,0.0,0.0
193,484530017481,747,12,0,40,0,11,0,0,12,12,77,102,81,114,169,55,56,26114563.37819849,0.0015089243417553523,3.464013640393371e-08,5.778095233309795e-11,4.316237139282417e-08,0,0,0,0,0,0,1.2460219812507056,0.0,0.0,0.0,0.0,0.0,0.0
194,484530017482,1332,52,0,59,140,43,90,0,17,35,126,160,172,197,108,87,42,20192245.937161297,0.00026756147976300486,6.142366385743913e-09,1.325070428498454e-11,1.764993810759941e-08,0,0,0,0,0,0,2.8734753023792137,0.0,0.0,0.0,0.0,0.0,0.0
195,484530017491,478,20,0,28,0,0,10,11,18,0,51,46,132,58,40,28,25,18108316.68738064,0.0008331724426676097,1.9127007407429057e-08,4.6010485516206624e-11,2.1993012076746768e-08,0,0,0,0,0,0,1.149840725643497,0.0,0.0,0.0,0.0,0.0,0.0
196,484530017492,413,0,13,11,0,63,0,0,11,0,32,39,37,54,54,47,42,4479477.357681197,4.6704133637831546e-05,1.0721793764424139e-09,1.042624616859498e-11,4.306039667629727e-09,0,0,0,0,0,0,4.016156029709831,0.0,0.0,0.0,0.0,0.0,0.0
197,484530017493,1045,0,12,0,12,33,0,19,14,45,98,183,187,168,52,198,12,10942656.836324373,4.4045068420928146e-05,1.0111356386806278e-09,4.025079930745853e-12,4.2062085276294165e-09,0,0,0,0,0,0,4.159885545244804,0.0,0.0,0.0,0.0,0.0,0.0
198,484530017494,973,14,12,0,38,29,9,95,32,56,58,153,88,123,115,138,0,12285110.638566613,0.000525526545343344,1.2064429415595591e-08,4.277751831502111e-11,4.162252532051554e-08,0,0,0,0,0,0,3.4500202112095275,0.0,0.0,0.0,0.0,0.0,0.0
199,484530017501,530,19,0,7,11,18,13,44,8,11,30,95,105,114,0,25,24,12696795.188361118,0.0003657824336187332,8.397209219897457e-09,2.8809036311307767e-11,1.5268789244993118e-08,0,0,0,0,0,0,1.8183171152641084,0.0,0.0,0.0,0.0,0.0,0.0
210,484530017543,680,6,15,0,0,66,0,70,26,25,51,80,74,69,32,45,109,7874859.987265268,0.00022877472994958445,5.251945131992297e-09,2.905127587278309e-11,1.9754867593492502e-08,0,0,0,0,0,0,3.761438304668389,0.0,0.0,0.0,0.0,0.0,0.0
212,484530017552,856,6,10,6,7,28,7,0,7,18,21,22,67,35,62,163,391,43210897.696934335,0.00030029350328869466,6.8937902499700334e-09,6.949485414416638e-12,5.948759514740642e-09,0,0,0,0,0,0,0.8629156529336675,0.0,0.0,0.0,0.0,0.0,0.0
213,484530017561,852,7,6,0,0,9,18,6,9,45,28,65,93,136,153,133,137,12378822.627165096,0.0001623630437961824,3.727342603218145e-09,1.311619438183723e-11,1.1174997613325319e-08,0,0,0,0,0,0,2.9981138851247415,0.0,0.0,0.0,0.0,0.0,0.0
220,484530017612,1007,8,0,25,0,29,16,0,7,58,23,116,64,115,41,114,384,63640184.30707779,0.0007579949813882655,1.740117037163144e-08,1.191063460361419e-11,1.1994009045839488e-08,0,0,0,0,0,0,0.6892645028861352,0.0,0.0,0.0,0.0,0.0,0.0
221,484530017651,482,0,0,14,8,20,10,18,0,10,9,36,8,118,30,106,89,70606213.14619,19935659.18891158,457.6597609942971,0.2823499278687393,136.09266523273234,6,16,12,2,41,55,0.2973664648538507,0.013110175967763892,0.034960469247370375,0.026220351935527783,0.004370058655921297,0.0895862024463866,0.12017661303783568
222,484530017652,513,6,0,4,16,4,0,0,26,3,32,18,32,81,33,92,158,32938.45283869711,32938.45283869711,0.7561628291711916,1.0,513.0,26,33,50,32,114,250,678.4253076315383,34.38412865189083,43.64139405816913,66.12332433055929,42.31892757155794,150.76117947367518,330.6166216527964
225,484530017701,2354,17,0,0,13,30,20,33,17,23,75,158,236,334,264,445,683,53544463.53894226,0.0017774200853147453,4.08039505352329e-08,3.3195216981155266e-11,7.81415407736395e-08,0,0,0,0,0,0,1.9150484143971986,0.0,0.0,0.0,0.0,0.0,0.0
226,484530017702,634,0,0,0,0,0,18,0,22,0,0,30,86,110,55,162,147,53615780.76231278,0.0009557954818495609,2.1942045037868706e-08,1.782675675444797e-11,1.1302163782320014e-08,0,0,0,0,0,0,0.5150916317423541,0.0,0.0,0.0,0.0,0.0,0.0
230,484530017741,91,0,0,0,0,3,0,1,0,3,3,13,6,13,20,9,14,1272493.032288423,9.7705389333555e-06,2.243007101321281e-10,7.678265173510916e-12,6.987221307894934e-10,0,0,0,0,0,0,3.115113324330981,0.0,0.0,0.0,0.0,0.0,0.0
231,484530017742,1732,27,6,15,40,25,35,35,55,44,76,69,413,408,121,89,262,27974634.033775758,0.00016955878879537038,3.892534178038806e-09,6.061162000927341e-12,1.0497932585606155e-08,0,0,0,0,0,0,2.6969403749449876,0.0,0.0,0.0,0.0,0.0,0.0
233,484530017751,1294,15,4,5,18,20,0,7,32,14,24,26,51,174,170,325,403,113559492.27106592,0.0010924270986239952,2.5078675358677575e-08,9.61986599954478e-12,1.2448106603410945e-08,0,0,0,0,0,0,0.4963622051554539,0.0,0.0,0.0,0.0,0.0,0.0
234,484530017761,633,36,29,5,11,12,39,0,40,66,29,97,34,90,19,80,32,14888615.896182036,0.0005383532797504764,1.2358890719707906e-08,3.615871908472896e-11,2.2888469180633432e-08,0,0,0,0,0,0,1.8519841059954276,0.0,0.0,0.0,0.0,0.0,0.0
235,484530017762,548,0,0,0,10,11,23,18,8,23,29,64,126,120,48,41,27,6729057.233910251,2.6477876417629886e-05,6.078484026085833e-10,3.934856770752061e-12,2.1563015103721295e-09,0,0,0,0,0,0,3.5474330460002115,0.0,0.0,0.0,0.0,0.0,0.0
236,484530017771,1541,41,14,10,53,47,0,21,81,50,164,123,331,389,134,75,8,19292736.36814853,0.0007476020599110705,1.7162581724312913e-08,3.8750441909595e-11,5.97144309826859e-08,0,0,0,0,0,0,3.479338478434922,0.0,0.0,0.0,0.0,0.0,0.0
240,484530017821,552,10,9,31,18,7,17,9,33,38,24,23,28,100,25,51,114,8675520.468826914,0.0006815491284424568,1.5646215069845198e-08,7.856002771146875e-11,4.3365135296730754e-08,0,0,0,0,0,0,2.7716054715563745,0.0,0.0,0.0,0.0,0.0,0.0
241,484530017822,610,0,0,17,0,0,0,19,0,10,0,22,70,33,43,103,293,14836041.526743546,0.0008940820521397791,2.0525299635899427e-08,6.026419180130367e-11,3.6761156998795236e-08,0,0,0,0,0,0,1.7910168256203558,0.0,0.0,0.0,0.0,0.0,0.0
242,484530017823,623,7,0,0,0,0,23,6,56,0,8,18,102,97,24,89,184,13758026.546101753,0.0006925904758279481,1.5899689527730673e-08,5.034083002436051e-11,3.13623371051766e-08,0,0,0,0,0,0,1.9725125481524342,0.0,0.0,0.0,0.0,0.0,0.0
243,484530017831,138,1,4,0,10,2,3,1,0,0,3,2,12,23,14,14,44,7065278.976843042,0.00028439997289808616,6.52892499766038e-09,4.025318374974682e-11,5.554939357465061e-09,0,0,0,0,0,0,0.850819906715984,0.0,0.0,0.0,0.0,0.0,0.0
246,484530017842,132,1,0,3,0,1,0,2,0,1,6,6,8,4,9,25,63,10062478.631041294,0.0004523859036495992,1.038535132345269e-08,4.495770080485478e-11,5.93441650624083e-09,0,0,0,0,0,0,0.5714218346026918,0.0,0.0,0.0,0.0,0.0,0.0
247,484530017851,407,0,5,0,3,11,20,7,18,24,52,70,107,17,22,38,7,8361546.220037033,0.00026538576519500754,6.092418852043332e-09,3.1738838512792694e-11,1.2917707274706626e-08,0,0,0,0,0,0,2.120292052864055,0.0,0.0,0.0,0.0,0.0,0.0
254,484530018042,904,50,0,0,16,14,40,34,32,74,171,174,66,54,76,82,21,8091149.813821008,0.00021332617846905964,4.897295189831488e-09,2.636537245975394e-11,2.3834296703617562e-08,0,0,0,0,0,0,4.866828683944959,0.0,0.0,0.0,0.0,0.0,0.0
257,484530018052,1166,119,124,128,85,81,91,70,10,35,110,91,75,74,36,0,37,8106053.767230803,0.00012466645154893133,2.861947923529186e-09,1.5379425689588043e-11,1.793241035405966e-08,0,0,0,0,0,0,6.265805959161712,0.0,0.0,0.0,0.0,0.0,0.0
258,484530018061,313,0,0,0,33,46,0,0,26,39,0,41,29,44,0,0,55,5615150.454792037,0.00017004497775244005,3.903695540689624e-09,3.028324514569714e-11,9.478655730603206e-09,0,0,0,0,0,0,2.428123718103465,0.0,0.0,0.0,0.0,0.0,0.0
260,484530018063,823,12,37,85,130,47,154,54,17,71,81,73,15,35,0,0,0,5681570.971896522,0.000125865890595378,2.889483255173967e-09,2.215336061416191e-11,1.8232215785455253e-08,0,0,0,0,0,0,6.309853415072843,0.0,0.0,0.0,0.0,0.0,0.0
265,484530018122,1195,158,114,76,204,33,89,139,158,0,0,155,34,0,10,14,0,4796896.016075252,3.568252149758859e-05,8.191579774469373e-10,7.438668959679367e-12,8.889209406816843e-09,0,0,0,0,0,0,10.851642359049919,0.0,0.0,0.0,0.0,0.0,0.0
266,484530018123,880,154,96,72,48,46,58,32,33,0,23,74,76,95,20,40,0,12859300.76531828,0.0005186769710032843,1.1907184825603405e-08,4.033477250972803e-11,3.549459980856067e-08,0,0,0,0,0,0,2.9809396871239002,0.0,0.0,0.0,0.0,0.0,0.0
267,484530018131,1352,139,87,91,105,97,189,66,83,69,80,98,111,46,6,11,59,13855923.174586631,0.00014943083495921883,3.4304599393760063e-09,1.0784617746242437e-11,1.4580803192919776e-08,0,0,0,0,0,0,4.250393081567947,0.0,0.0,0.0,0.0,0.0,0.0
268,484530018132,1011,93,70,70,126,57,50,34,40,60,116,56,59,63,29,39,34,24164514.589710496,0.0003024789138489055,6.943960373023543e-09,1.2517483549109e-11,1.2655175868149198e-08,0,0,0,0,0,0,1.8224723627906987,0.0,0.0,0.0,0.0,0.0,0.0
271,484530018173,782,0,17,27,38,14,42,0,16,39,119,24,143,63,46,124,70,11918430.142331244,0.00017280590459028012,3.9670776995013805e-09,1.4499049163909375e-11,1.1338256446177132e-08,0,0,0,0,0,0,2.8580878180435514,0.0,0.0,0.0,0.0,0.0,0.0
273,484530018182,885,20,65,40,34,65,120,55,12,81,118,122,89,49,15,0,0,10103159.994746737,0.00012211163563574613,2.8032974204716742e-09,1.2086479447939019e-11,1.0696534311426031e-08,0,0,0,0,0,0,3.8156972689777118,0.0,0.0,0.0,0.0,0.0,0.0
275,484530018191,1090,20,113,53,140,52,116,93,60,63,102,44,111,32,37,24,15,7395429.399870234,8.892364757544713e-05,2.0414060508596676e-09,1.2024135823270446e-11,1.3106308047364786e-08,0,0,0,0,0,0,6.420235720299505,0.0,0.0,0.0,0.0,0.0,0.0
276,484530018192,305,39,17,42,65,0,49,30,16,0,0,19,13,9,0,6,0,2241596.214708553,0.00016000962278361897,3.6733154909003438e-09,7.138200079643827e-11,2.1771510242913674e-08,0,0,0,0,0,0,5.9269372034193,0.0,0.0,0.0,0.0,0.0,0.0
279,484530018203,1024,124,11,103,24,31,28,59,104,66,116,107,134,90,0,27,0,7993490.254832915,0.00015130037215596408,3.4733786078045014e-09,1.892794853468257e-11,1.938221929951495e-08,0,0,0,0,0,0,5.580220726863495,0.0,0.0,0.0,0.0,0.0,0.0
281,484530018212,459,6,5,29,25,12,12,7,0,23,45,108,66,56,27,25,13,5929432.0358760785,0.0001682027523202123,3.861403864100374e-09,2.836743069192802e-11,1.3020650687594962e-08,0,0,0,0,0,0,3.371999186267065,0.0,0.0,0.0,0.0,0.0,0.0
286,484530018224,526,0,80,53,29,48,57,33,73,16,48,0,89,0,0,0,0,2499866.170526463,0.00020718821197806148,4.7563868681832296e-09,8.287972149102221e-11,4.359473350427768e-08,0,0,0,0,0,0,9.165514646399929,0.0,0.0,0.0,0.0,0.0,0.0
287,484530018231,1147,20,31,74,105,126,162,112,98,35,62,176,85,30,19,12,0,5496985.055417043,3.8126624531287234e-05,8.752668625180724e-10,6.935915624095627e-12,7.955495220837684e-09,0,0,0,0,0,0,9.089222454909768,0.0,0.0,0.0,0.0,0.0,0.0
289,484530018233,748,80,68,57,38,153,0,89,66,60,14,51,29,26,17,0,0,9751149.55995668,0.00020676977394751966,4.746780852789708e-09,2.1204656197318983e-11,1.58610828355946e-08,0,0,0,0,0,0,3.3414398784121158,0.0,0.0,0.0,0.0,0.0,0.0
291,484530018242,516,19,11,24,30,0,20,29,18,28,25,69,66,86,37,36,4,9485913.66774596,0.00024119328158800357,5.537035849127722e-09,2.5426468133281654e-11,1.3120057556773334e-08,0,0,0,0,0,0,2.369509230979641,0.0,0.0,0.0,0.0,0.0,0.0
292,484530018261,358,7,40,0,9,6,0,68,19,19,20,95,17,5,10,31,0,25687695.621309422,0.001414475020633099,3.247187834327592e-08,5.5064301659651817e-11,1.971301999415535e-08,0,0,0,0,0,0,0.6070797563898056,0.0,0.0,0.0,0.0,0.0,0.0
293,484530018262,853,27,25,12,56,21,42,22,50,55,49,145,156,78,29,60,11,8939276.49311714,6.164408510681788e-06,1.415153468935213e-10,6.895869610284589e-13,5.882176777572754e-10,0,0,0,0,0,0,4.156564575288509,0.0,0.0,0.0,0.0,0.0,0.0
297,484530018291,721,36,15,21,80,7,40,127,61,19,53,52,84,101,5,20,0,10657389.974572046,0.0006721801308179204,1.543113247975024e-08,6.307174011851923e-11,4.5474724625452364e-08,0,0,0,0,0,0,2.9469466797156545,0.0,0.0,0.0,0.0,0.0,0.0
299,484530018321,789,22,11,5,138,67,115,83,0,18,53,38,99,72,24,18,12,7518808.48691215,2.2903604524060484e-06,5.2579441056153545e-11,3.0461747448320253e-13,2.403431873672468e-10,0,0,0,0,0,0,4.571048731966668,0.0,0.0,0.0,0.0,0.0,0.0
300,484530018322,457,0,25,17,0,13,0,0,18,12,44,35,120,48,14,56,55,8647509.381554743,0.0001684596070298675,3.867300436865645e-09,1.9480708212840352e-11,8.902683653268041e-09,0,0,0,0,0,0,2.302040867681709,0.0,0.0,0.0,0.0,0.0,0.0
306,484530018342,2374,95,22,136,12,66,85,150,105,51,346,308,247,291,179,113,160,70892107.66633445,0.0019523818226144956,4.4820519343767114e-08,2.754018588082762e-11,6.538040128108477e-08,0,0,0,0,0,0,1.458715834585187,0.0,0.0,0.0,0.0,0.0,0.0
307,484530018351,832,0,24,38,38,24,30,37,65,99,46,141,183,40,55,0,0,9879985.06095629,0.00038056424095284916,8.736552822609025e-09,3.851870611189103e-11,3.204756348509334e-08,0,0,0,0,0,0,3.668216072838082,0.0,0.0,0.0,0.0,0.0,0.0
308,484530018352,464,7,37,13,9,37,0,0,8,19,76,72,95,46,22,11,0,5701266.8566967305,0.0003412199875113416,7.833333046633187e-09,5.984985374093537e-11,2.777033213579401e-08,0,0,0,0,0,0,3.5451489130453684,0.0,0.0,0.0,0.0,0.0,0.0
309,484530018353,1004,0,30,18,98,80,131,36,15,42,85,190,115,72,55,24,0,12219679.1538174,0.0007869896989475393,1.8066797496499983e-08,6.440346665744374e-11,6.466108052407351e-08,0,0,0,0,0,0,3.5790006799268146,0.0,0.0,0.0,0.0,0.0,0.0
310,484530018391,1817,82,6,15,64,90,15,197,62,49,229,224,258,314,88,99,25,62213181.3857988,0.00010569744288390932,2.4264794050484234e-09,1.698955760330825e-12,3.087002616521109e-09,0,0,0,0,0,0,1.2722146374283791,0.0,0.0,0.0,0.0,0.0,0.0
311,484530018392,1508,0,47,73,49,19,61,46,85,18,190,325,233,226,40,40,56,26055181.314751823,0.00010117603987264395,2.3226822743949484e-09,3.883144724667891e-12,5.855782244799179e-09,0,0,0,0,0,0,2.5211292604902633,0.0,0.0,0.0,0.0,0.0,0.0
313,484530018402,309,0,0,0,9,28,34,17,44,0,12,33,47,43,0,25,13,10089388.04313494,3.4285827496205457e-05,7.870942951378663e-10,3.3982068436285736e-12,1.0500459146812292e-09,0,0,0,0,0,0,1.3340789295103512,0.0,0.0,0.0,0.0,0.0,0.0
315,484530018411,798,5,9,0,42,39,9,41,62,55,113,115,139,72,39,44,7,3528365.118219762,0.0002693677082410413,6.183831685974318e-09,7.634349031796088e-11,6.092210527373278e-08,0,0,0,0,0,0,9.851837560830047,0.0,0.0,0.0,0.0,0.0,0.0
317,484530018421,890,39,11,54,38,8,16,34,62,58,145,123,129,71,28,36,30,91783367.9856607,0.0003266449261110308,7.498735677480046e-09,3.5588683797489594e-12,3.167392857976574e-09,0,0,0,0,0,0,0.42239025273137487,0.0,0.0,0.0,0.0,0.0,0.0
321,484530018442,749,31,0,20,6,44,64,58,59,100,110,125,79,24,15,9,5,4351890.778858017,0.00025029500788265394,5.745982733761569e-09,5.7514083096619906e-11,4.307804823936831e-08,0,0,0,0,0,0,7.497072343474926,0.0,0.0,0.0,0.0,0.0,0.0
322,484530018443,230,8,0,7,23,0,13,0,9,6,23,14,50,32,12,5,16,2880818.741213343,0.00021041993379355972,4.830576992505962e-09,7.304171233797759e-11,1.6799593837734846e-08,0,0,0,0,0,0,3.4777613241228367,0.0,0.0,0.0,0.0,0.0,0.0
323,484530018451,996,20,78,36,27,50,7,42,82,67,116,109,98,72,69,99,9,19465497.1889017,0.0007527545454556195,1.7280866516428363e-08,3.867122109189198e-11,3.851653620752441e-08,0,0,0,0,0,0,2.2288544484102104,0.0,0.0,0.0,0.0,0.0,0.0
328,484530018472,2072,55,21,43,209,89,96,46,51,48,383,127,257,216,84,227,112,21113398.450302895,0.0001785710251131084,4.099426655489173e-09,8.457711132266657e-12,1.7524377466056513e-08,0,0,0,0,0,0,4.2748361999820625,0.0,0.0,0.0,0.0,0.0,0.0
331,484530018483,1187,10,15,25,15,34,60,75,31,114,75,198,184,78,112,51,98,20253263.436665647,0.0004205786112233029,9.655156364171325e-09,2.0765967545847712e-11,2.4649203476921232e-08,0,0,0,0,0,0,2.552957460988443,0.0,0.0,0.0,0.0,0.0,0.0
332,484530018491,1758,91,45,100,82,22,18,42,24,122,241,148,227,237,185,94,80,54921148.70653549,0.00015336722225001154,3.520826957070972e-09,2.792498442986157e-12,4.909212262769664e-09,0,0,0,0,0,0,1.3943350021535026,0.0,0.0,0.0,0.0,0.0,0.0
334,484530018493,627,51,11,0,0,115,40,21,32,55,81,64,81,25,0,19,20,5514158.945724679,3.4380265225076364e-05,7.892622870770515e-10,6.234906458714359e-12,3.9092863496139034e-09,0,0,0,0,0,0,4.953088996677552,0.0,0.0,0.0,0.0,0.0,0.0
336,484530018501,509,5,0,3,18,20,41,61,56,66,4,120,57,47,0,0,0,11016265.935733715,0.0008129499228958525,1.866276223360543e-08,7.379541558259484e-11,3.7561866531540775e-08,0,0,0,0,0,0,2.01266383086124,0.0,0.0,0.0,0.0,0.0,0.0
337,484530018502,545,11,0,34,28,0,7,15,65,34,96,44,84,65,51,0,0,4475620.365307971,8.345102890044845e-05,1.9157720133252627e-09,1.8645689779076274e-11,1.0161900929596569e-08,0,0,0,0,0,0,5.304337290092391,0.0,0.0,0.0,0.0,0.0,0.0
341,484530018562,738,37,3,4,4,2,9,30,14,27,60,74,129,116,103,51,68,100805958.3954473,0.0008791354414557197,2.018217266886409e-08,8.721066248951253e-12,6.436146891726024e-09,0,0,0,0,0,0,0.3189025779001161,0.0,0.0,0.0,0.0,0.0,0.0
346,484530019011,965,36,6,0,25,57,37,66,57,65,93,35,100,102,45,66,161,9919540.94992908,0.0003771977220215399,8.65926818231267e-09,3.802572356175783e-11,3.6694823237096306e-08,0,0,0,0,0,0,4.237635613601709,0.0,0.0,0.0,0.0,0.0,0.0
347,484530019012,1076,7,43,0,0,87,65,87,24,43,159,158,123,80,13,64,110,23519849.346505657,0.000952750637518803,2.187214503027555e-08,4.050836480635677e-11,4.3587000531639884e-08,0,0,0,0,0,0,1.9928086829758354,0.0,0.0,0.0,0.0,0.0,0.0
351,484530019101,482,16,14,0,93,0,26,8,9,0,18,38,33,42,50,16,113,24595814.054399334,0.0010184318433829362,2.3379978039094036e-08,4.1406714212850954e-11,1.995803625059416e-08,0,0,0,0,0,0,0.853637938291559,0.0,0.0,0.0,0.0,0.0,0.0
355,484530019111,1098,65,19,44,50,31,47,83,28,51,93,186,229,69,25,42,36,21356052.744641174,0.0022477730287386866,5.160176833651714e-08,1.0525226995905014e-10,1.1556699241503705e-07,0,0,0,0,0,0,2.239593644569996,0.0,0.0,0.0,0.0,0.0,0.0
356,484530019112,660,30,17,9,22,28,0,28,0,0,50,108,167,63,42,25,71,14676786.279885132,0.0006332032662612619,1.4536346792039988e-08,4.314318231431095e-11,2.8474500327445227e-08,0,0,0,0,0,0,1.958848446229811,0.0,0.0,0.0,0.0,0.0,0.0
357,484530019121,518,22,5,5,0,14,2,30,4,0,24,52,19,43,26,48,218,32386369.179160118,5.823070516300551e-07,1.3367930478192264e-11,1.7980004131020534e-14,9.313642139868637e-12,0,0,0,0,0,0,0.6967153333915389,0.0,0.0,0.0,0.0,0.0,0.0
361,484530019141,701,35,7,0,8,0,0,15,36,0,27,87,66,52,147,54,160,62610742.11287164,0.0016332882966821442,3.749513996056346e-08,2.608639095409108e-11,1.8286560058817848e-08,0,0,0,0,0,0,0.48770480862456406,0.0,0.0,0.0,0.0,0.0,0.0
362,484530019142,436,0,0,0,0,0,0,0,0,0,0,17,54,63,32,115,155,12236835.243187468,0.000396114860699015,9.093545929729455e-09,3.237069494087872e-11,1.4113622994223122e-08,0,0,0,0,0,0,1.5520483542158807,0.0,0.0,0.0,0.0,0.0,0.0
363,484530019143,1049,0,65,14,9,10,121,43,8,12,69,89,195,95,86,109,110,27437525.35930359,0.0011350430405301024,2.6057002766990412e-08,4.1368273037248563e-11,4.339531841607374e-08,0,0,0,0,0,0,1.6653994630206623,0.0,0.0,0.0,0.0,0.0,0.0
364,484530019151,739,34,8,31,21,5,55,19,17,23,102,145,71,68,65,21,46,62653989.940386556,0.0002773315486392742,6.366656304850189e-09,4.426398843922743e-12,3.271108745658907e-09,0,0,0,0,0,0,0.5137875501724414,0.0,0.0,0.0,0.0,0.0,0.0
366,484530019172,523,10,9,0,0,7,8,0,0,0,29,17,79,25,40,44,246,12066560.802275196,0.0005868787225816983,1.3472881601967363e-08,4.863678492972415e-11,2.543703851824573e-08,0,0,0,0,0,0,1.8880176691028974,0.0,0.0,0.0,0.0,0.0,0.0
368,484530019174,407,0,0,14,0,14,0,0,0,0,0,16,21,34,33,96,175,43921672.78945098,0.0029367018556013076,6.741739797064527e-08,6.686224975262415e-11,2.721293564931803e-08,0,0,0,0,0,0,0.40364856058620097,0.0,0.0,0.0,0.0,0.0,0.0
375,484530020022,550,0,22,10,0,28,60,9,56,17,32,58,135,52,19,29,9,4964792.396406615,0.0002046592773097813,4.698330516753473e-09,4.1222121887293467e-11,2.2672167038011407e-08,0,0,0,0,0,0,4.825579417447579,0.0,0.0,0.0,0.0,0.0,0.0
376,484530020031,656,29,50,30,10,48,25,26,74,3,73,56,84,112,10,13,13,12135827.644424167,0.0007655639267887746,1.757492944877811e-08,6.308295974692049e-11,4.138242159397984e-08,0,0,0,0,0,0,2.3546280350420945,0.0,0.0,0.0,0.0,0.0,0.0
377,484530020032,794,49,37,23,103,19,35,81,69,32,55,37,75,51,43,31,39,9284525.651012948,0.00044442313950955603,1.0202551412065106e-08,4.786708079815248e-11,3.800646215373307e-08,0,0,0,0,0,0,3.7251919268731384,0.0,0.0,0.0,0.0,0.0,0.0
380,484530020051,920,36,77,0,17,34,9,34,0,13,26,101,135,110,155,50,110,9498542.183116391,0.0002264485687127494,5.198543818015367e-09,2.384034985023918e-11,2.1933121862220047e-08,0,0,0,0,0,0,4.2190895431546815,0.0,0.0,0.0,0.0,0.0,0.0
390,484530021063,366,32,8,0,12,0,8,0,43,14,41,6,60,51,5,74,12,7796613.16967278,0.0005064387700453327,1.1626234390388722e-08,6.495625203200735e-11,2.377398824371469e-08,0,0,0,0,0,0,2.0448571261704807,0.0,0.0,0.0,0.0,0.0,0.0
391,484530021071,379,0,27,0,38,77,8,4,22,15,35,35,41,34,6,37,0,15098232.576691376,0.0010488037296188892,2.4077220606494243e-08,6.946533140826235e-11,2.6327360603731432e-08,0,0,0,0,0,0,1.0934551389469875,0.0,0.0,0.0,0.0,0.0,0.0
394,484530021074,458,75,90,8,19,7,26,46,20,51,16,22,32,18,0,15,0,6531659.866302795,0.00020848639000771354,4.78618893497965e-09,3.191935806138754e-11,1.4619065992115493e-08,0,0,0,0,0,0,3.054427267856623,0.0,0.0,0.0,0.0,0.0,0.0
395,484530021081,817,77,34,18,36,27,63,33,65,33,63,84,134,41,57,38,0,26423772.898274634,0.000906670206060499,2.0814283885686387e-08,3.4312670243987034e-11,2.8033451589337406e-08,0,0,0,0,0,0,1.3468371885047419,0.0,0.0,0.0,0.0,0.0,0.0
396,484530021082,613,61,57,30,24,110,24,10,65,0,15,55,103,14,7,0,25,8958488.063622994,0.00019137280346957688,4.393315047510948e-09,2.1362176531402536e-11,1.3095014213749754e-08,0,0,0,0,0,0,2.9806681451558528,0.0,0.0,0.0,0.0,0.0,0.0
397,484530021091,237,34,39,0,20,27,0,16,18,0,6,13,26,13,0,0,15,9213143.407225354,7.560595802601905e-05,1.735673967539464e-09,8.20631511789185e-12,1.9448966829403685e-09,0,0,0,0,0,0,1.1205426360674775,0.0,0.0,0.0,0.0,0.0,0.0
398,484530021092,636,26,71,5,0,12,51,6,29,6,77,83,135,68,13,23,17,12352685.972243639,0.0002963235331652544,6.802652276520991e-09,2.3988591131604122e-11,1.525674395970022e-08,0,0,0,0,0,0,2.242764048422422,0.0,0.0,0.0,0.0,0.0,0.0
400,484530021101,1039,169,81,131,44,33,82,55,34,7,100,48,166,44,32,0,0,31576840.806740474,0.0008554067910475404,1.963743781100873e-08,2.7089688809684312e-11,2.8146186673262e-08,0,0,0,0,0,0,1.4332922117509277,0.0,0.0,0.0,0.0,0.0,0.0
401,484530021102,408,78,5,0,5,12,48,10,21,35,0,69,42,7,18,15,30,6553989.569316951,0.0003425088571485189,7.862921422142307e-09,5.225959753613321e-11,2.132191579474235e-08,0,0,0,0,0,0,2.7117040410322515,0.0,0.0,0.0,0.0,0.0,0.0
403,484530021112,536,59,57,20,106,0,0,26,7,7,34,70,81,24,11,8,13,24707324.837322146,0.0004345602503191765,9.976130631753362e-09,1.758831654905604e-11,9.427337670294037e-09,0,0,0,0,0,0,0.9449893970200678,0.0,0.0,0.0,0.0,0.0,0.0
404,484530021113,694,18,24,55,6,20,0,38,0,12,116,96,146,29,62,58,7,38489050.0228939,0.002142251543351799,4.9179328359775e-08,5.5658727406302664e-11,3.862715681997405e-08,0,0,0,0,0,0,0.7854348180071562,0.0,0.0,0.0,0.0,0.0,0.0
405,484530021121,567,97,58,85,40,55,34,21,15,36,42,16,38,24,0,6,0,4247341.113442562,7.335475129366387e-05,1.6839933722145056e-09,1.7270746411561058e-11,9.79251321535512e-09,0,0,0,0,0,0,5.815054487107422,0.0,0.0,0.0,0.0,0.0,0.0
409,484530021132,285,0,0,11,24,9,22,19,12,9,10,48,34,57,8,7,15,7225188.671436985,0.0004742281681073333,1.0886780718717477e-08,6.563540271025424e-11,1.8706089772422458e-08,0,0,0,0,0,0,1.7182388674607325,0.0,0.0,0.0,0.0,0.0,0.0
411,484530022011,217,23,4,0,11,25,13,13,4,17,33,40,9,9,9,2,0,32057902.246759914,0.0012175956635585546,2.795215021943422e-08,3.798113969486624e-11,8.241907313785975e-09,0,0,0,0,0,0,0.29485772110854086,0.0,0.0,0.0,0.0,0.0,0.0
412,484530022012,295,24,0,18,6,15,25,62,7,7,22,35,37,18,13,0,6,11751206.060933439,0.0008439997096041855,1.9375567254457888e-08,7.182239041914508e-11,2.11876051736478e-08,0,0,0,0,0,0,1.093521799666175,0.0,0.0,0.0,0.0,0.0,0.0
413,484530022021,756,0,0,0,122,29,94,0,111,80,46,140,47,11,71,0,0,19192109.873471726,0.0008860447986431949,2.034078968418721e-08,4.616713870880499e-11,3.490235686385657e-08,0,0,0,0,0,0,1.7158801307989249,0.0,0.0,0.0,0.0,0.0,0.0
414,484530022022,310,57,59,15,44,0,38,0,17,0,80,0,0,0,0,0,0,8526885.896101076,2.6791081332863155e-05,6.150385980914406e-10,3.141953775306574e-12,9.740056703450379e-10,0,0,0,0,0,0,1.583649665838091,0.0,0.0,0.0,0.0,0.0,0.0
415,484530022023,769,50,84,28,58,67,35,59,83,121,47,13,28,59,12,0,18,40643367.1457593,0.001227579008118988,2.8181336274540587e-08,3.020367391600508e-11,2.3226625241407907e-08,0,0,0,0,0,0,0.8241846665869839,0.0,0.0,0.0,0.0,0.0,0.0
417,484530022072,412,11,11,14,26,16,24,11,35,19,32,80,72,30,10,14,0,27593411.027480334,0.00042682249063830113,9.798496111990384e-09,1.5468275749352906e-11,6.372929608733398e-09,0,0,0,0,0,0,0.6503987485319168,0.0,0.0,0.0,0.0,0.0,0.0
418,484530022081,495,22,24,13,28,0,22,50,36,10,31,99,122,30,0,0,0,76247282.00603108,0.0025478001282856215,5.848944279810885e-08,3.341496327808896e-11,1.6540406822654034e-08,0,0,0,0,0,0,0.2827930312098791,0.0,0.0,0.0,0.0,0.0,0.0
419,484530022082,355,0,0,29,37,12,21,53,32,73,31,12,11,34,0,0,0,10246285.968897438,0.00018602842092718674,4.270624906501073e-09,1.815569285220765e-11,6.4452709625337156e-09,0,0,0,0,0,0,1.509210268671039,0.0,0.0,0.0,0.0,0.0,0.0
420,484530022083,0,0,0,0,0,0,0,0,0,0,0,0,0,0,0,0,0,19302046.293585505,0.001219780348115762,2.8002303675752114e-08,6.319435408882642e-11,0.0,0,0,0,0,0,0,0.0,0.0,0.0,0.0,0.0,0.0,0.0
421,484530022084,756,141,14,0,0,91,50,34,45,72,54,51,98,53,17,29,0,20267661.013170138,2.9803573059242108e-05,6.841958920854478e-10,1.4704988917998694e-12,1.1116971622007014e-09,0,0,0,0,0,0,1.6248229126489169,0.0,0.0,0.0,0.0,0.0,0.0
425,484530022111,137,1,7,4,3,8,10,3,8,2,7,18,26,21,4,5,3,10376098.52542781,0.00024689853307791054,5.668010401237616e-09,2.379492951737665e-11,3.259905343880601e-09,0,0,0,0,0,0,0.5751410306460971,0.0,0.0,0.0,0.0,0.0,0.0
426,484530022121,235,0,0,4,0,19,10,4,4,3,22,46,64,34,7,3,9,275485663.75916743,1.1860855574606644e-09,2.7228777719482653e-14,4.305434777533662e-18,1.0117771727204107e-15,0,0,0,0,0,0,0.037158376448035234,0.0,0.0,0.0,0.0,0.0,0.0
427,484530023041,519,19,87,26,8,40,0,76,0,16,38,36,9,86,17,49,0,7748236.675482318,0.0009389619940548253,2.15556013327554e-08,1.2118395880006802e-10,6.28944746172353e-08,0,0,0,0,0,0,2.917778708481785,0.0,0.0,0.0,0.0,0.0,0.0
428,484530023042,1051,35,14,13,4,61,29,37,50,51,16,135,166,192,146,57,30,5888198.958140739,0.00025428652274728236,5.837615306411441e-09,4.318578984083378e-11,4.53882651227163e-08,0,0,0,0,0,0,7.775138089840634,0.0,0.0,0.0,0.0,0.0,0.0
430,484530023071,530,39,36,18,0,0,53,43,84,38,32,0,104,41,7,24,0,7508737.884518813,0.00035375066849019365,8.120997899223912e-09,4.7111868057019445e-11,2.4969290070220305e-08,0,0,0,0,0,0,3.0746578659509947,0.0,0.0,0.0,0.0,0.0,0.0
432,484530023073,301,0,0,25,34,34,17,37,12,22,36,43,41,0,0,0,0,3404604.799276217,0.00012657899339805698,2.905853842930601e-09,3.717876254682081e-11,1.1190807526593063e-08,0,0,0,0,0,0,3.8511253942858157,0.0,0.0,0.0,0.0,0.0,0.0
434,484530023081,487,49,15,0,47,0,19,17,16,0,30,0,119,92,33,50,0,3794343.725386155,1.2420922985256766e-05,2.8514515576806167e-10,3.2735365808200927e-12,1.5942123148593852e-09,0,0,0,0,0,0,5.5908798820910866,0.0,0.0,0.0,0.0,0.0,0.0
435,484530023082,580,33,15,15,33,14,75,22,49,25,40,11,55,45,29,91,13,8115746.389157175,0.0003543493443525997,8.134741605890719e-09,4.3661953856273606e-11,2.5323933236638692e-08,0,0,0,0,0,0,3.113059327944791,0.0,0.0,0.0,0.0,0.0,0.0
441,484530023122,880,72,92,14,134,149,51,31,0,20,132,98,18,16,18,21,14,8946888.198040523,0.00025620030816704727,5.881549774266466e-09,2.8635689023492912e-11,2.5199406340673763e-08,0,0,0,0,0,0,4.284484074406491,0.0,0.0,0.0,0.0,0.0,0.0
442,484530023123,1060,53,83,151,29,72,62,32,99,66,44,83,128,88,40,0,16,30708462.751468148,0.00013954779014194695,3.2035764495396454e-09,4.544277949415598e-12,4.816934626380534e-09,0,0,0,0,0,0,1.503611573581373,0.0,0.0,0.0,0.0,0.0,0.0
443,484530023131,1115,69,95,80,61,61,114,55,132,109,77,159,55,25,0,0,23,19341456.345499434,0.00032807350556049355,7.531531348955315e-09,1.696219248954503e-11,1.891284462584271e-08,0,0,0,0,0,0,2.5111552683726233,0.0,0.0,0.0,0.0,0.0,0.0
444,484530023132,952,123,59,52,45,127,22,33,97,58,104,108,57,27,0,9,17,6780839.717097356,0.0001810629680250031,4.156633793044148e-09,2.6702145394834658e-11,2.5420442415882593e-08,0,0,0,0,0,0,6.1156319467983975,0.0,0.0,0.0,0.0,0.0,0.0
454,484530023171,1532,288,118,91,153,71,62,95,107,83,86,107,153,102,16,0,0,27223642.871960133,0.000988134922897288,2.2684456448514417e-08,3.629693966912302e-11,5.560691157309647e-08,0,0,0,0,0,0,2.4513221949710022,0.0,0.0,0.0,0.0,0.0,0.0
455,484530023172,378,174,51,28,32,10,0,37,22,0,0,0,0,0,24,0,0,9202377.14909434,0.0010076625347748874,2.3132748732205864e-08,1.0950024308382726e-10,4.13910918856867e-08,0,0,0,0,0,0,1.7892855001732335,0.0,0.0,0.0,0.0,0.0,0.0
457,484530023182,796,313,0,61,33,0,0,0,0,17,129,0,125,60,14,44,0,7324694.470885009,0.00015635305843819149,3.5893723241090792e-09,2.1346017784042818e-11,1.6991430156098082e-08,0,0,0,0,0,0,4.733816562291441,0.0,0.0,0.0,0.0,0.0,0.0
459,484530024021,419,79,0,0,0,0,0,11,0,15,50,89,51,8,69,22,16,6698807.133899051,0.00016430416319675786,3.771904572928326e-09,2.4527376279472666e-11,1.0276970661099046e-08,0,0,0,0,0,0,2.724610462008719,0.0,0.0,0.0,0.0,0.0,0.0
462,484530024024,1924,145,49,83,28,202,115,130,44,43,140,391,369,117,49,0,19,18911523.99110836,0.0001898194916023499,4.357655913736224e-09,1.0037239288150304e-11,1.9311648390401186e-08,0,0,0,0,0,0,4.431659766785835,0.0,0.0,0.0,0.0,0.0,0.0
464,484530024032,541,0,17,79,0,41,13,0,0,28,43,71,100,97,27,25,0,7292312.327147182,0.0006936154369766973,1.5923219397995804e-08,9.511598048187904e-11,5.1457745440696556e-08,0,0,0,0,0,0,3.2316169333930893,0.0,0.0,0.0,0.0,0.0,0.0
465,484530024071,1195,77,6,15,15,72,12,62,20,75,97,87,227,174,97,90,61,31158680.501447532,0.0006428880637149898,1.4758679148645311e-08,2.063271144248625e-11,2.465609017377107e-08,0,0,0,0,0,0,1.6706163150131383,0.0,0.0,0.0,0.0,0.0,0.0
470,484530024101,939,65,39,53,35,64,47,85,59,51,154,102,107,28,9,41,0,6853300.24615623,5.481586461542065e-05,1.2583990958544686e-09,7.998462440948054e-12,7.510556232050222e-09,0,0,0,0,0,0,5.968342044103633,0.0,0.0,0.0,0.0,0.0,0.0
471,484530024102,792,82,51,40,52,18,7,52,36,44,79,77,88,111,0,12,29,6195293.0635660095,0.00023227301466874958,5.33225469854797e-09,3.7491852650962935e-11,2.9693547299562644e-08,0,0,0,0,0,0,5.568666348148845,0.0,0.0,0.0,0.0,0.0,0.0
473,484530024112,726,65,23,102,32,43,25,95,53,0,18,54,99,42,33,0,29,8256063.374467387,0.00033342850219832696,7.654465156068111e-09,4.0385894230110244e-11,2.932015921106004e-08,0,0,0,0,0,0,3.8304647827440106,0.0,0.0,0.0,0.0,0.0,0.0
476,484530024122,575,16,0,0,20,44,27,33,18,0,25,146,174,23,13,8,16,5139884.766204182,0.0005608595688228143,1.2875564022562311e-08,1.0911909397474888e-10,6.274347903548061e-08,0,0,0,0,0,0,4.873066447849039,0.0,0.0,0.0,0.0,0.0,0.0
477,484530024123,592,28,33,30,34,52,38,18,41,25,88,44,106,39,0,16,0,6521441.649355292,0.00021473093341242786,4.929543925905139e-09,3.292691171033572e-11,1.9492731732518746e-08,0,0,0,0,0,0,3.954266768997212,0.0,0.0,0.0,0.0,0.0,0.0
479,484530024132,685,103,35,86,27,31,25,57,71,48,74,24,63,22,7,12,0,7849621.560127422,0.0001266444013412445,2.9073554026915634e-09,1.613382255069997e-11,1.105166844722948e-08,0,0,0,0,0,0,3.801278796874334,0.0,0.0,0.0,0.0,0.0,0.0
481,484530024191,978,89,91,56,28,83,90,127,42,48,110,88,55,23,8,40,0,7579670.517399976,0.00010893505920250846,2.5008048485424347e-09,1.4372004555136787e-11,1.4055820454923778e-08,0,0,0,0,0,0,5.620518715451168,0.0,0.0,0.0,0.0,0.0,0.0
482,484530024192,893,51,34,94,55,42,85,117,54,72,32,87,67,64,11,28,0,6996212.037880421,0.0004670508670869822,1.0722012559388938e-08,6.675767752008849e-11,5.961460602543901e-08,0,0,0,0,0,0,5.560020163680589,0.0,0.0,0.0,0.0,0.0,0.0
483,484530024211,2463,153,0,135,152,119,116,51,173,188,179,310,344,352,132,21,31,46437141.47953426,0.001551918789547285,3.562715311173749e-08,3.3419774346602394e-11,8.231290421568169e-08,0,0,0,0,0,0,2.3103980258406733,0.0,0.0,0.0,0.0,0.0,0.0
484,484530024212,877,0,12,12,38,37,0,0,26,13,41,86,241,72,160,99,33,21273481.1842643,0.0006811284577231632,1.563655779897069e-08,3.20177244064307e-11,2.8079544304439722e-08,0,0,0,0,0,0,1.7957625115092861,0.0,0.0,0.0,0.0,0.0,0.0
487,484530024222,730,31,0,0,132,145,65,0,52,121,0,83,16,34,0,0,51,15352872.470414083,0.000246635701842024,5.66197662630909e-09,1.606446626305963e-11,1.1727060372033529e-08,0,0,0,0,0,0,2.07119547571819,0.0,0.0,0.0,0.0,0.0,0.0
488,484530024223,924,116,0,0,45,48,83,15,44,0,70,227,221,0,21,0,24,17826568.284939677,0.00018624027234365181,4.275488345813862e-09,1.0447342941545971e-11,9.653344877988477e-09,0,0,0,0,0,0,2.2578344500552983,0.0,0.0,0.0,0.0,0.0,0.0
491,484530024233,864,15,10,0,27,98,92,62,17,168,74,105,70,26,84,0,16,10156019.680641854,0.0007410097455778043,1.7011243011428014e-08,7.296261418144209e-11,6.303969865276597e-08,0,0,0,0,0,0,3.705766745582108,0.0,0.0,0.0,0.0,0.0,0.0
496,484530024261,1126,0,8,1,13,40,0,41,87,29,120,93,321,192,72,25,76,55301615.597524084,0.00015625580948197895,3.5871397952704075e-09,2.8255197934755218e-12,3.1815352874534377e-09,0,0,0,0,0,0,0.8869281569812937,0.0,0.0,0.0,0.0,0.0,0.0
497,484530024262,324,84,0,0,0,0,71,0,0,0,34,76,57,0,0,0,0,22359077.146851867,0.0009114103644538634,2.0923102948894937e-08,4.076243211952909e-11,1.3207028006727425e-08,0,0,0,0,0,0,0.6312174651621145,0.0,0.0,0.0,0.0,0.0,0.0
499,484530024272,640,16,45,0,72,0,34,7,53,16,14,111,182,62,0,17,0,9085835.374867743,0.0006391371389806613,1.4672569765396266e-08,7.03443450834002e-11,4.502038085337612e-08,0,0,0,0,0,0,3.0683364654739638,0.0,0.0,0.0,0.0,0.0,0.0
500,484530024273,821,44,12,31,0,96,104,49,0,17,130,149,159,0,9,17,0,16370128.215992019,0.00022745739643215742,5.221703315706093e-09,1.3894661876255418e-11,1.1407517400405698e-08,0,0,0,0,0,0,2.1846353020658245,0.0,0.0,0.0,0.0,0.0,0.0
503,484530024282,906,8,22,0,49,84,57,41,36,40,19,120,170,152,20,66,15,38302589.62549548,0.0006303099233158911,1.446992477768345e-08,1.645606549005595e-11,1.490919533399069e-08,0,0,0,0,0,0,1.030357487205788,0.0,0.0,0.0,0.0,0.0,0.0
504,484530024291,262,3,14,11,6,22,0,25,17,14,46,19,29,42,2,6,0,10654456.616705155,1.7001143303438555e-05,3.9029254599262063e-10,1.595683751415573e-12,4.1806914287088017e-10,0,0,0,0,0,0,1.07116865839089,0.0,0.0,0.0,0.0,0.0,0.0
505,484530024301,21,0,0,4,0,0,0,5,0,0,0,0,5,7,0,0,0,4296951.409707542,0.0004719234381431771,1.0833871399062834e-08,1.09827501674099e-10,2.306377535156079e-09,0,0,0,0,0,0,0.21288581433185447,0.0,0.0,0.0,0.0,0.0,0.0
506,484530024302,128,0,0,14,37,0,23,0,0,0,13,25,7,9,0,0,0,9359740.0064717,0.0010064164597461834,2.3104142785725055e-08,1.0752611280337988e-10,1.3763342438832625e-08,0,0,0,0,0,0,0.5957088547486097,0.0,0.0,0.0,0.0,0.0,0.0
507,484530024303,687,16,93,20,37,50,11,51,0,104,73,74,73,3,20,44,9,9406244.797858205,0.0006228883553673474,1.4299549021288966e-08,6.622072556618754e-11,4.549363846397084e-08,0,0,0,0,0,0,3.1814736532068637,0.0,0.0,0.0,0.0,0.0,0.0
508,484530024311,340,5,18,8,0,6,48,10,23,11,32,38,83,21,0,32,0,65298428.82315538,4.715574660193317e-06,1.0825469835154539e-10,7.221574462326318e-14,2.455335317190948e-11,0,0,0,0,0,0,0.22681097029317962,0.0,0.0,0.0,0.0,0.0,0.0
510,484530024313,632,40,36,0,0,67,8,7,0,45,42,172,47,53,60,25,24,79580611.42468677,0.003380707844079814,7.761037291275973e-08,4.248155151810107e-11,2.6848340559439876e-08,0,0,0,0,0,0,0.34593752808815337,0.0,0.0,0.0,0.0,0.0,0.0
512,484530024331,142,7,3,6,19,0,13,2,2,10,11,19,8,19,0,8,6,74853554.5154346,843788.7468414274,19.370724215827074,0.011272527434451233,1.6006988956920751,0,0,0,0,0,0,0.08263495354418425,0.0,0.0,0.0,0.0,0.0,0.0
515,484530024351,140,3,3,7,18,2,0,27,4,2,28,4,20,3,12,0,0,58209421.24731147,18273762.15672917,419.50785483767606,0.3139313493444703,43.95038890822585,9,10,10,6,4,0,0.10476654584985534,0.021453710332748004,0.023837455925275558,0.023837455925275558,0.014302473555165335,0.009534982370110223,0.0
516,484530024352,304,0,10,13,21,15,11,6,15,19,18,40,60,27,13,12,17,39367869.665701166,501241.08044550783,11.50691185595748,0.01273223785543592,3.87060030805252,0,0,0,0,0,0,0.3363717699852365,0.0,0.0,0.0,0.0,0.0,0.0
518,484530025001,360,12,0,33,18,0,0,0,13,0,0,9,80,27,24,52,83,6841855.348833242,0.00038740267239556524,8.893541606877072e-09,5.6622458769408203e-11,2.0384085156986952e-08,0,0,0,0,0,0,2.2920098716606483,0.0,0.0,0.0,0.0,0.0,0.0
520,484530025003,1003,0,16,0,11,42,50,67,71,70,107,61,190,81,128,22,87,8434302.071947314,0.0008145502443007427,1.869950055786829e-08,9.657589179903289e-11,9.686561947442999e-08,0,0,0,0,0,0,5.180118002331957,0.0,0.0,0.0,0.0,0.0,0.0
522,484539800001,0,0,0,0,0,0,0,0,0,0,0,0,0,0,0,0,0,186417295.77554196,15911.355840112425,0.36527446832214017,8.53534312571012e-05,0.0,0,0,0,0,0,0,0.0,0.0,0.0,0.0,0.0,0.0,0.0
523,484910203111,1656,0,47,7,59,80,27,21,64,135,161,175,159,236,195,198,83,53871874.137459725,2066528.1828184847,47.440959201526276,0.038360057375125316,63.52425501320752,4,12,12,6,16,10,1.3390170873940468,0.08431532724724738,0.25294598174174215,0.25294598174174215,0.12647299087087108,0.33726130898898954,0.21078831811811846
528,484910203182,1410,12,58,28,26,112,91,90,33,52,40,244,147,216,130,46,76,18854664.173292074,0.00018271204748918296,4.194491448328351e-09,9.690549023302013e-12,1.3663674122855839e-08,0,0,0,0,0,0,3.2575281869513124,0.0,0.0,0.0,0.0,0.0,0.0
529,484910203183,19,0,0,0,2,1,0,0,0,0,4,1,3,2,1,0,0,89152.88352450714,50780.4275475996,1.1657582081634434,0.56958816742748,10.82217518112212,1,0,2,1,1,0,9.2833789248386,0.8578108161686616,0.0,1.7156216323373232,0.8578108161686616,0.8578108161686616,0.0
531,484910204032,447,0,22,38,10,40,25,43,12,18,73,50,38,16,6,51,5,9109779.330637205,208771.61920375488,4.792736896321278,0.022917308051758466,10.244036699136034,1,3,2,0,0,1,2.137408524761492,0.2086490499337783,0.6259471498013349,0.4172980998675566,0.0,0.0,0.2086490499337783
532,484910204041,762,19,35,0,21,32,60,13,35,41,84,97,77,104,64,43,23,8115069.780184888,3044617.2834321153,69.89479530376757,0.3751806658355991,285.88766736672653,28,67,67,28,63,24,4.090256879989979,0.40060207456521024,0.958583535566753,0.958583535566753,0.40060207456521024,0.901354667771723,0.3433732067701802
533,484910204042,575,0,0,33,0,0,14,0,45,14,38,44,98,77,83,86,33,8054654.1966365855,1882443.4579225741,43.21495541603706,0.233708786493731,134.38255223389532,7,17,19,22,37,27,3.1096307040045215,0.161980960818076,0.39338233341532747,0.43966260793477774,0.5090830197139532,0.8561850786098303,0.6247837060125789
538,484910204061,1256,55,0,20,65,81,69,88,152,32,166,151,193,132,30,0,16,11088612.533920567,0.00018445986836039974,4.234615894407708e-09,1.663507204315496e-11,2.0893650486202632e-08,0,0,0,0,0,0,4.934013144803777,0.0,0.0,0.0,0.0,0.0,0.0
540,484910204081,881,0,44,0,12,26,17,66,73,32,104,219,66,110,15,14,75,16601658.896696024,8.519777202309342e-05,1.9558717177018693e-09,5.131883057785812e-12,4.521188973909301e-09,0,0,0,0,0,0,2.311597909509963,0.0,0.0,0.0,0.0,0.0,0.0
543,484910204091,233,0,0,2,6,6,2,10,10,3,13,35,70,21,9,26,11,4226278.81351439,1362829.6781669077,31.28626442072791,0.3224656342617485,75.13449278298741,2,9,15,22,9,11,2.401516901238263,0.06392581655338025,0.28766617449021115,0.4794436241503519,0.7031839820871828,0.28766617449021115,0.3515919910435914
544,484910204092,793,15,0,0,0,0,90,49,49,0,89,44,182,47,77,117,29,10854002.7577608,851181.3812513489,19.54043574957183,0.07842096600194241,62.18782603954033,1,14,10,14,9,11,3.1825199210771435,0.051175931428341453,0.7164630399967804,0.5117593142834146,0.7164630399967804,0.4605833828550731,0.562935245711756
551,484910205031,2,0,0,0,0,0,0,0,0,0,0,0,0,0,0,0,0,37906.28366510496,37906.28366510496,0.8702085322567713,1.0,2.0,0,0,0,0,0,0,2.2982996900906767,0.0,0.0,0.0,0.0,0.0,0.0
552,484910205081,1474,26,38,11,106,73,40,83,185,49,310,95,177,164,74,22,16,36822115.60562336,632026.1203850835,14.509323241163532,0.017164307644739522,25.300189468346055,3,7,6,3,4,0,1.7437194724953402,0.20676360641610628,0.4824484149709147,0.41352721283221255,0.20676360641610628,0.27568480855480837,0.0
554,484910205091,632,0,0,0,0,0,0,0,12,18,10,78,11,85,52,126,236,19480943.854596026,2.175683948735241e-05,4.994683077904593e-10,1.1168267641313203e-12,7.058345149309944e-10,0,0,0,0,0,0,1.4131717747086996,0.0,0.0,0.0,0.0,0.0,0.0
555,484910205093,754,0,12,0,0,0,8,12,16,10,23,0,56,97,109,202,202,11001505.611043477,0.0004908609680178509,1.1268617263954336e-08,4.461761738548924e-11,3.364168350865889e-08,0,0,0,0,0,0,2.9854313728686788,0.0,0.0,0.0,0.0,0.0,0.0
556,484910205101,925,8,0,30,10,13,42,31,0,21,20,46,31,168,115,145,241,34622678.07289489,0.00020763760313336627,4.76670346954468e-09,5.997156045994022e-12,5.54736934254447e-09,0,0,0,0,0,0,1.163774792786588,0.0,0.0,0.0,0.0,0.0,0.0
